Date,Time,이용카드명,Location,Domestic Amount (KRW),Foreign Amount (USD),Discount Amount,Expected Points,Status,Payment Due Date,Approval Number
2023-08-20,13:20,KB국민 톡톡 with 리브메이트카드,카카오개인택시영세,4600,0,0,0,전표미매입,,30012912
2023-08-20,13:09,KB국민 톡톡 with 리브메이트카드,카카오택시 선승인 로카모빌리티,4500,0,0,0,승인취소,,30012901
2023-08-20,00:18,KB국민 톡톡 with 리브메이트카드,헥토_대표(구),432,0,0,0,전표미매입,,30012891
2023-08-20,00:10,KB국민 톡톡 with 리브메이트카드,헥토_대표(구),1144,0,0,0,전표미매입,,30012880
2023-08-20,00:02,KB국민 톡톡 with 리브메이트카드,밥끼,800,0,0,0,전표미매입,,30012872
2023-08-19,00:00,KB국민 톡톡 with 리브메이트카드,지에스25 강원대기숙사점,7200,0,0,0,전표매입,2023-09-14,30012867
2023-08-18,20:39,KB국민 톡톡 with 리브메이트카드,헥토_대표(구),432,0,0,0,전표매입,2023-09-14,30012846
2023-08-18,20:34,KB국민 톡톡 with 리브메이트카드,헥토_대표(구),544,0,0,0,전표매입,2023-09-14,30012835
2023-08-18,14:57,KB국민 톡톡 with 리브메이트카드,애플코리아 유한회사,459000,0,0,0,전표매입,2023-09-14,30012827
2023-08-18,06:21,KB국민 톡톡 with 리브메이트카드,쿠팡(쿠페이),2290,0,0,0,전표매입,2023-09-14,30012812
2023-08-17,14:02,KB국민 톡톡 with 리브메이트카드,헥토_대표(구),432,0,0,0,전표매입,2023-09-14,30012802
2023-08-17,12:52,KB국민 톡톡 with 리브메이트카드,헥토_대표(구),688,0,0,0,전표매입,2023-09-14,30012790
2023-08-17,12:50,KB국민 톡톡 with 리브메이트카드,티머니onda_0,3740,0,0,0,전표매입,2023-09-14,30012785
2023-08-17,12:43,KB국민 톡톡 with 리브메이트카드,티머니onda_가승인,3800,0,0,0,승인취소,,30012774
2023-08-17,11:08,KB국민 톡톡 with 리브메이트카드,데이빗하우스,4500,0,0,0,전표매입,2023-09-14,30012761
2023-08-17,09:04,KB국민 톡톡 with 리브메이트카드,티머니onda_0,3530,0,0,0,전표매입,2023-09-14,30012752
2023-08-17,08:58,KB국민 톡톡 with 리브메이트카드,티머니onda_가승인,3800,0,0,0,승인취소,,30012741
2023-08-17,05:49,KB국민 톡톡 with 리브메이트카드,지하철 2 건,2700,0,135,0,전표매입,2023-09-14,48027721
2023-08-16,18:31,KB국민 톡톡 with 리브메이트카드,헥토_대표(구),976,0,0,0,전표매입,2023-09-14,30012734
2023-08-16,16:14,KB국민 톡톡 with 리브메이트카드,밥끼,1948,0,0,0,전표매입,2023-09-14,30012726
2023-08-16,15:43,KB국민 톡톡 with 리브메이트카드,강원대PC카페,10000,0,0,0,전표매입,2023-09-14,30012717
2023-08-15,14:50,KB국민 톡톡 with 리브메이트카드,티머니onda_0,3750,0,0,0,전표매입,2023-09-14,30012707
2023-08-15,14:46,KB국민 톡톡 with 리브메이트카드,티머니onda_가승인,3800,0,0,0,승인취소,,30012695
2023-08-15,14:17,KB국민 톡톡 with 리브메이트카드,춘천농협농수산물종합유통센터,13980,0,0,0,전표매입,2023-09-14,30012687
2023-08-15,10:04,KB국민 톡톡 with 리브메이트카드,티머니onda_0,520,0,0,0,전표매입,2023-09-14,30012673
2023-08-15,09:55,KB국민 톡톡 with 리브메이트카드,티머니onda_가승인,3800,0,0,0,승인취소,,30012662
2023-08-14,18:07,KB국민 톡톡 with 리브메이트카드,헥토_대표(구),1120,0,0,0,전표매입,2023-09-14,30012655
2023-08-14,12:28,KB국민 톡톡 with 리브메이트카드,지에스25 춘천대양,10600,0,0,0,전표매입,2023-09-14,30012647
2023-08-13,23:02,KB국민 톡톡 with 리브메이트카드,KB국민카드_카카오페이(일반)_법인,5700,0,0,0,전표매입,2023-09-14,30012628
2023-08-13,22:46,KB국민 톡톡 with 리브메이트카드,카카오페이(택시),5100,0,0,0,승인취소,,30012617
2023-08-13,22:45,KB국민 톡톡 with 리브메이트카드,카카오페이(택시),5100,0,0,0,승인취소,,30012606
2023-08-13,17:32,KB국민 톡톡 with 리브메이트카드,티머니onda_0,4810,0,0,0,전표매입,2023-09-14,30012594
2023-08-13,17:17,KB국민 톡톡 with 리브메이트카드,티머니onda_가승인,10300,0,0,0,승인취소,,30012583
2023-08-12,23:39,KB국민 톡톡 with 리브메이트카드,대표_카카오페이,1000,0,0,0,전표매입,2023-09-14,30012560
2023-08-12,03:25,KB국민 톡톡 with 리브메이트카드,달콤한 상상,600,0,0,0,전표매입,2023-09-14,30012554
2023-08-12,03:16,KB국민 톡톡 with 리브메이트카드,달콤한 상상,800,0,0,0,전표매입,2023-09-14,30012543
2023-08-12,01:21,KB국민 톡톡 with 리브메이트카드,키오스크_KICC_4,2500,0,0,0,전표매입,2023-09-14,30012532
2023-08-11,19:20,KB국민 톡톡 with 리브메이트카드,스타벅스_일반,20000,0,0,0,전표매입,2023-09-14,30012524
2023-08-11,08:16,KB국민 톡톡 with 리브메이트카드,카카오개인택시영세,4900,0,0,0,전표매입,2023-09-14,30012518
2023-08-11,08:01,KB국민 톡톡 with 리브메이트카드,카카오택시 선승인 로카모빌리티,5400,0,0,0,승인취소,,30012507
2023-08-10,18:26,KB국민 톡톡 with 리브메이트카드,카카오법인택시,500,0,0,0,전표매입,2023-09-14,30012495
2023-08-10,18:26,KB국민 톡톡 with 리브메이트카드,카카오개인택시영세,4000,0,0,0,전표매입,2023-09-14,30012484
2023-08-10,18:14,KB국민 톡톡 with 리브메이트카드,카카오택시 선승인 로카모빌리티,5400,0,0,0,승인취소,,30012473
2023-08-10,15:36,KB국민 톡톡 with 리브메이트카드,하루필름 성신여대점,5000,0,0,0,전표매입,2023-09-14,30012469
2023-08-10,15:25,KB국민 톡톡 with 리브메이트카드,왕가탕후루,3000,0,0,0,전표매입,2023-09-14,30012456
2023-08-10,15:18,KB국민 톡톡 with 리브메이트카드,포시즌,22000,0,0,0,전표매입,2023-09-14,30012444
2023-08-10,14:37,KB국민 톡톡 with 리브메이트카드,제이제이,22000,0,0,0,전표매입,2023-09-14,30012437
2023-08-10,14:10,KB국민 톡톡 with 리브메이트카드,온달왕돈까스치킨,18000,0,0,0,전표매입,2023-09-14,30012423
2023-08-09,23:21,KB국민 톡톡 with 리브메이트카드,천막집,35900,0,0,0,전표매입,2023-09-14,30012418
2023-08-09,17:24,KB국민 톡톡 with 리브메이트카드,하루필름 혜화점,5000,0,0,0,전표매입,2023-09-14,30012405
2023-08-09,13:15,KB국민 톡톡 with 리브메이트카드,(주)공차코리아,12800,0,0,0,전표매입,2023-09-14,30012393
2023-08-09,13:05,KB국민 톡톡 with 리브메이트카드,오제불 제순식당,18500,0,0,0,전표매입,2023-09-14,30012382
2023-08-09,10:04,KB국민 톡톡 with 리브메이트카드,GOOGLE *Colab,0,50.54,0,0,취소전표매입,,000855
2023-08-09,07:25,KB국민 톡톡 with 리브메이트카드,KB국민카드_카카오페이(일반)_법인,3800,0,0,0,전표매입,2023-09-14,30012370
2023-08-09,07:18,KB국민 톡톡 with 리브메이트카드,카카오페이(택시),3800,0,0,0,승인취소,,30012369
2023-08-09,07:06,KB국민 톡톡 with 리브메이트카드,헥토_대표(구),576,0,0,0,전표매입,2023-09-14,30012352
2023-08-09,00:37,KB국민 톡톡 with 리브메이트카드,(주)야놀자,51000,0,0,0,전표매입,2023-09-14,30012344
2023-08-09,00:02,KB국민 톡톡 with 리브메이트카드,헥토_대표(구),576,0,0,0,전표매입,2023-09-14,30012330
2023-08-08,22:00,KB국민 톡톡 with 리브메이트카드,헥토_대표(구),720,0,0,0,전표매입,2023-09-14,30012329
2023-08-08,21:45,KB국민 톡톡 with 리브메이트카드,배스킨라빈스31강원대점,4900,0,0,0,전표매입,2023-09-14,30012311
2023-08-08,21:38,KB국민 톡톡 with 리브메이트카드,헥토_대표(구),576,0,0,0,전표매입,2023-09-14,30012307
2023-08-08,16:25,KB국민 톡톡 with 리브메이트카드,헥토_대표(구),1264,0,0,0,전표매입,2023-09-14,30012295
2023-08-07,22:26,KB국민 톡톡 with 리브메이트카드,밥끼,1600,0,0,0,전표매입,2023-09-14,30012287
2023-08-07,22:11,KB국민 톡톡 with 리브메이트카드,헥토_대표(구),576,0,0,0,전표매입,2023-09-14,30012273
2023-08-07,21:34,KB국민 톡톡 with 리브메이트카드,헥토_대표(구),864,0,0,0,전표매입,2023-09-14,30012262
2023-08-07,20:01,KB국민 톡톡 with 리브메이트카드,헥토_대표(구),1264,0,0,0,전표매입,2023-09-14,30012251
2023-08-06,23:36,KB국민 톡톡 with 리브메이트카드,헥토_대표(구),576,0,0,0,전표매입,2023-09-14,30012240
2023-08-06,20:13,KB국민 톡톡 with 리브메이트카드,헥토_대표(구),720,0,0,0,전표매입,2023-09-14,30012239
2023-08-06,12:21,KB국민 톡톡 with 리브메이트카드,헥토_대표(구),864,0,0,0,전표매입,2023-09-14,30012228
2023-08-06,09:21,KB국민 톡톡 with 리브메이트카드,헥토_대표(구),976,0,0,0,전표매입,2023-09-14,30012217
2023-08-05,21:51,KB국민 톡톡 with 리브메이트카드,팔공티 애막골점,4000,0,0,0,승인취소,,30012204
2023-08-05,21:46,KB국민 톡톡 with 리브메이트카드,비에이치씨(bhc)애막골점,20000,0,0,0,전표매입,2023-09-14,30012199
2023-08-05,16:19,KB국민 톡톡 with 리브메이트카드,인터넷상거래_3,130000,0,3000,0,전표매입,2023-09-14,30012183
2023-08-05,15:39,KB국민 톡톡 with 리브메이트카드,춘천농협농수산물종합유통센터,2690,0,0,0,전표매입,2023-09-14,30012171
2023-08-05,15:03,KB국민 톡톡 with 리브메이트카드,세할머니막국수,19000,0,0,0,전표매입,2023-09-14,30012164
2023-08-05,09:56,KB국민 톡톡 with 리브메이트카드,대표_카카오페이,4000,0,0,0,전표매입,2023-09-14,30012155
2023-08-05,09:40,KB국민 톡톡 with 리브메이트카드,헥토_대표(구),432,0,0,0,전표매입,2023-09-14,30012149
2023-08-05,09:26,KB국민 톡톡 with 리브메이트카드,헥토_대표(구),432,0,0,0,전표매입,2023-09-14,30012138
2023-08-05,09:11,KB국민 톡톡 with 리브메이트카드,헥토_대표(구),576,0,0,0,전표매입,2023-09-14,30012127
2023-08-05,00:52,KB국민 톡톡 with 리브메이트카드,헥토_대표(구),783,0,0,0,전표매입,2023-09-14,30012116
2023-08-05,00:39,KB국민 톡톡 with 리브메이트카드,헥토_대표(구),747,0,0,0,전표매입,2023-09-14,30012105
2023-08-05,00:13,KB국민 톡톡 with 리브메이트카드,헥토_대표(구),315,0,0,0,전표매입,2023-09-14,30012093
2023-08-04,19:41,KB국민 톡톡 with 리브메이트카드,피자스쿨 석사애막골점,16900,0,0,0,전표매입,2023-09-14,30012088
2023-08-04,19:24,KB국민 톡톡 with 리브메이트카드,헥토_대표(구),832,0,0,0,전표매입,2023-09-14,30012071
2023-08-04,12:05,KB국민 톡톡 with 리브메이트카드,KB국민카드_카카오페이(일반)_개인영세,3800,0,0,0,전표매입,2023-09-14,30012044
2023-08-04,12:00,KB국민 톡톡 with 리브메이트카드,카카오페이(택시),4100,0,0,0,승인취소,,30012033
2023-08-04,07:32,KB국민 톡톡 with 리브메이트카드,GOOGLE *Google Storage,0,2.01,0,0,전표매입,2023-09-14,312066
2023-08-04,02:27,KB국민 톡톡 with 리브메이트카드,GOOGLE *Colab,0,50.54,0,0,전표매입,2023-09-14,312022
2023-08-03,08:11,KB국민 톡톡 with 리브메이트카드,Amazon_AWS,713,0,0,0,전표매입,2023-09-14,30012015
2023-08-03,01:31,KB국민 톡톡 with 리브메이트카드,윤통신(픽미픽미아이스),1600,0,0,0,전표매입,2023-09-14,30012004
2023-08-02,20:13,KB국민 톡톡 with 리브메이트카드,춘천농협농수산물종합유통센터,6970,0,0,0,전표매입,2023-09-14,30011990
2023-08-02,19:48,KB국민 톡톡 with 리브메이트카드,유천칡냉면(금계),24000,0,0,0,전표매입,2023-09-14,30011987
2023-08-02,18:40,KB국민 톡톡 with 리브메이트카드,헥토_대표(구),576,0,0,0,전표매입,2023-09-14,30011979
2023-08-02,12:18,KB국민 톡톡 with 리브메이트카드,스팟마트,2500,0,0,0,전표매입,2023-09-14,30011963
2023-08-02,12:16,KB국민 톡톡 with 리브메이트카드,헥토_대표(구),288,0,0,0,전표매입,2023-09-14,30011957
2023-08-02,11:52,KB국민 톡톡 with 리브메이트카드,세영식품(주) 강원대학교 이룸관점,4600,0,0,0,전표매입,2023-09-14,30011949
2023-08-02,11:51,KB국민 톡톡 with 리브메이트카드,헥토_대표(구),720,0,0,0,전표매입,2023-09-14,30011935
2023-08-02,09:01,KB국민 톡톡 with 리브메이트카드,헥토_대표(구),432,0,0,0,전표매입,2023-09-14,30011924
2023-08-02,08:58,KB국민 톡톡 with 리브메이트카드,헥토_대표(구),688,0,0,0,전표매입,2023-09-14,30011913
2023-08-01,18:09,KB국민 톡톡 with 리브메이트카드,헥토_대표(구),576,0,0,0,전표매입,2023-09-14,30011902
2023-08-01,12:47,KB국민 톡톡 with 리브메이트카드,스팟마트,2500,0,0,0,전표매입,2023-09-14,30011895
2023-08-01,11:55,KB국민 톡톡 with 리브메이트카드,강원대학교생활협동조합,5500,0,0,0,전표매입,2023-09-14,30011880
2023-08-01,09:40,KB국민 톡톡 with 리브메이트카드,헥토_대표(구),1320,0,0,0,전표매입,2023-09-14,30011878
2023-08-01,03:30,KB국민 톡톡 with 리브메이트카드,스타디움 코인노래연습장,2000,0,0,0,전표매입,2023-09-14,30011864
2023-07-31,23:27,KB국민 톡톡 with 리브메이트카드,스타디움피씨방,13800,0,0,0,전표매입,2023-09-14,30011857
2023-07-31,20:49,KB국민 톡톡 with 리브메이트카드,헥토_대표(구),720,0,0,0,전표매입,2023-09-14,30011845
2023-07-31,20:38,KB국민 톡톡 with 리브메이트카드,헥토_대표(구),720,0,0,0,전표매입,2023-09-14,30011834
2023-07-31,18:48,KB국민 톡톡 with 리브메이트카드,KOCES_자판기_1,2900,0,0,0,전표매입,2023-09-14,30011826
2023-07-31,17:47,KB국민 톡톡 with 리브메이트카드,헥토_대표(구),432,0,0,0,전표매입,2023-09-14,30011812
2023-07-31,16:49,KB국민 톡톡 with 리브메이트카드,헥토_대표(구),432,0,0,0,전표매입,2023-09-14,30011801
2023-07-31,06:15,KB국민 나라사랑체크카드(일반형 RF),지하철 6 건,7250,0,0,0,전표매입,2023-08-03,47353811
2023-07-30,17:33,KB국민 톡톡 with 리브메이트카드,핏짜피자,42000,0,0,0,전표매입,2023-09-14,30011783
2023-07-30,09:44,KB국민 톡톡 with 리브메이트카드,세모 아이스크림 주공17점,800,0,0,0,전표매입,2023-09-14,30011775
2023-07-30,01:29,KB국민 톡톡 with 리브메이트카드,달콤한 상상,600,0,0,0,전표매입,2023-09-14,30011766
2023-07-30,01:20,KB국민 톡톡 with 리브메이트카드,달콤한 상상,1300,0,0,0,전표매입,2023-09-14,30011755
2023-07-29,12:37,KB국민 톡톡 with 리브메이트카드,세영식품(주) 강원대학교 이룸관점,4600,0,0,0,전표매입,2023-09-14,30011747
2023-07-28,17:25,KB국민 톡톡 with 리브메이트카드,세영식품(주) 강원대학교 이룸관점,4600,0,0,0,전표매입,2023-09-14,30011736
2023-07-28,16:35,KB국민 톡톡 with 리브메이트카드,헥토_대표(구),864,0,0,0,전표매입,2023-09-14,30011722
2023-07-28,13:11,KB국민 톡톡 with 리브메이트카드,원리터강원대점,1500,0,0,0,전표매입,2023-09-14,30011717
2023-07-27,19:33,KB국민 톡톡 with 리브메이트카드,로뎀나무,3500,0,0,0,전표매입,2023-09-14,30011707
2023-07-27,18:25,KB국민 톡톡 with 리브메이트카드,마라킹,17300,0,0,0,전표매입,2023-09-14,30011693
2023-07-27,01:20,KB국민 톡톡 with 리브메이트카드,헥토_대표(구),1296,0,0,0,전표매입,2023-09-14,30011687
2023-07-27,01:06,KB국민 톡톡 with 리브메이트카드,헥토_대표(구),1152,0,0,0,전표매입,2023-09-14,30011676
2023-07-26,23:44,KB국민 톡톡 with 리브메이트카드,헥토_대표(구),576,0,0,0,전표매입,2023-09-14,30011665
2023-07-26,23:35,KB국민 톡톡 with 리브메이트카드,헥토_대표(구),144,0,0,0,전표매입,2023-09-14,30011654
2023-07-26,23:34,KB국민 톡톡 with 리브메이트카드,헥토_대표(구),144,0,0,0,전표매입,2023-09-14,30011643
2023-07-26,21:47,KB국민 톡톡 with 리브메이트카드,인생네컷 춘천명동점,4000,0,0,0,전표매입,2023-09-14,30011632
2023-07-26,20:34,KB국민 톡톡 with 리브메이트카드,팔공티춘천명동점,4000,0,0,0,전표매입,2023-09-14,30011622
2023-07-26,20:22,KB국민 톡톡 with 리브메이트카드,명동1번지닭갈비,37000,0,0,0,전표매입,2023-09-14,30011611
2023-07-26,10:42,KB국민 톡톡 with 리브메이트카드,쿠팡(와우 멤버십),4990,0,0,0,전표매입,2023-09-14,30011609
2023-07-26,06:49,KB국민 나라사랑체크카드(일반형 RF),버스 1 건,1550,0,0,0,전표매입,2023-08-03,49964348
2023-07-25,23:19,KB국민 톡톡 with 리브메이트카드,헥토_대표(구),576,0,0,0,전표매입,2023-09-14,30011597
2023-07-25,22:50,KB국민 톡톡 with 리브메이트카드,헥토_대표(구),576,0,0,0,전표매입,2023-09-14,30011586
2023-07-25,16:00,KB국민 톡톡 with 리브메이트카드,KOCES_자판기_1,2900,0,0,0,전표매입,2023-09-14,30011578
2023-07-25,14:48,KB국민 톡톡 with 리브메이트카드,스타디움피씨방,10000,0,0,0,전표매입,2023-09-14,30011565
2023-07-25,13:21,KB국민 톡톡 with 리브메이트카드,헥토_대표(구),576,0,0,0,전표매입,2023-09-14,30011553
2023-07-25,12:49,KB국민 톡톡 with 리브메이트카드,헥토_대표(구),432,0,0,0,전표매입,2023-09-14,30011542
2023-07-25,12:24,KB국민 톡톡 with 리브메이트카드,원리터강원대점,1000,0,0,0,전표매입,2023-09-14,30011537
2023-07-25,12:10,KB국민 톡톡 with 리브메이트카드,세영식품(주) 강원대학교 이룸관점,4600,0,0,0,전표매입,2023-09-14,30011523
2023-07-25,11:25,KB국민 톡톡 with 리브메이트카드,KB국민카드_카카오페이(일반)_법인,4400,0,0,0,전표매입,2023-09-14,30011515
2023-07-25,11:15,KB국민 톡톡 with 리브메이트카드,카카오페이(택시),4800,0,0,0,승인취소,,30011504
2023-07-24,18:43,KB국민 톡톡 with 리브메이트카드,랭킹닭컴_1,83800,0,0,0,전표매입,2023-09-14,30011491
2023-07-24,18:24,KB국민 톡톡 with 리브메이트카드,카페 녹천,9000,0,0,0,전표매입,2023-09-14,30011483
2023-07-24,13:22,KB국민 톡톡 with 리브메이트카드,카카오개인택시일반,4900,0,0,0,전표매입,2023-09-14,30011472
2023-07-24,13:11,KB국민 톡톡 with 리브메이트카드,카카오택시 선승인 로카모빌리티,5600,0,0,0,승인취소,,30011461
2023-07-22,23:17,KB국민 톡톡 with 리브메이트카드,헥토_대표(구),360,0,0,0,전표매입,2023-09-14,30011452
2023-07-22,18:04,KB국민 톡톡 with 리브메이트카드,글라스나인,120000,0,0,0,전표매입,2023-09-14,30011441
2023-07-22,13:31,KB국민 톡톡 with 리브메이트카드,헥토_대표(구),360,0,0,0,전표매입,2023-09-14,30011430
2023-07-22,10:09,KB국민 톡톡 with 리브메이트카드,헥토_대표(구),360,0,0,0,전표매입,2023-09-14,30011429
2023-07-21,19:26,KB국민 톡톡 with 리브메이트카드,크레이저강원대점,9800,0,0,0,전표매입,2023-09-14,30011417
2023-07-21,18:23,KB국민 톡톡 with 리브메이트카드,진본식당,18000,0,0,0,전표매입,2023-09-14,30011405
2023-07-21,12:17,KB국민 톡톡 with 리브메이트카드,더 헤라 PC방,6600,0,0,0,전표매입,2023-09-14,30011396
2023-07-21,08:47,KB국민 톡톡 with 리브메이트카드,헥토_대표(구),450,0,0,0,전표매입,2023-09-14,30011384
2023-07-21,01:03,KB국민 톡톡 with 리브메이트카드,헥토_대표(구),450,0,0,0,전표매입,2023-09-14,30011373
2023-07-20,23:56,KB국민 톡톡 with 리브메이트카드,헥토_대표(구),360,0,0,0,전표매입,2023-09-14,30011362
2023-07-20,23:35,KB국민 톡톡 with 리브메이트카드,카카오페이(택시),4400,0,0,0,승인취소,,30011357
2023-07-20,23:32,KB국민 톡톡 with 리브메이트카드,카카오페이(택시),4400,0,0,0,승인취소,,30011346
2023-07-20,17:53,KB국민 톡톡 with 리브메이트카드,터미널약국,6000,0,0,0,전표매입,2023-09-14,30011331
2023-07-20,16:52,KB국민 톡톡 with 리브메이트카드,KB국민카드_카카오페이(일반)_법인,4800,0,0,0,전표매입,2023-09-14,30011324
2023-07-20,16:43,KB국민 톡톡 with 리브메이트카드,카카오페이(택시),5800,0,0,0,승인취소,,30011313
2023-07-20,16:21,KB국민 톡톡 with 리브메이트카드,(주)풍년제과교동지점,45000,0,0,0,전표매입,2023-09-14,30011303
2023-07-20,15:33,KB국민 톡톡 with 리브메이트카드,카카오법인택시,8000,0,0,0,전표매입,2023-09-14,30011292
2023-07-20,15:12,KB국민 톡톡 with 리브메이트카드,카카오택시 선승인 로카모빌리티,8800,0,0,0,승인취소,,30011281
2023-07-20,09:02,KB국민 톡톡 with 리브메이트카드,카카오개인택시영세,3300,0,0,0,전표매입,2023-09-14,30011270
2023-07-20,08:52,KB국민 톡톡 with 리브메이트카드,카카오택시 선승인 로카모빌리티,3500,0,0,0,승인취소,,30011269
2023-07-19,13:08,KB국민 톡톡 with 리브메이트카드,(주)씨앤코컴퍼니 전주대스타센터점,2000,0,0,0,전표매입,2023-09-14,30011257
2023-07-19,08:11,KB국민 톡톡 with 리브메이트카드,이삭전주대점,3900,0,0,0,전표매입,2023-09-14,30011247
2023-07-19,04:32,KB국민 톡톡 with 리브메이트카드,키오스크_KICC_1,2400,0,0,0,전표매입,2023-09-14,30011238
2023-07-19,03:35,KB국민 톡톡 with 리브메이트카드,게이트플러스,1000,0,0,0,전표매입,2023-09-14,30011221
2023-07-18,19:17,KB국민 톡톡 with 리브메이트카드,KB국민카드_카카오페이(일반)_개인영세,5000,0,0,0,전표매입,2023-09-14,30011212
2023-07-18,19:06,KB국민 톡톡 with 리브메이트카드,카카오페이(택시),4900,0,0,0,승인취소,,30011201
2023-07-18,17:40,KB국민 톡톡 with 리브메이트카드,헥토_대표(구),360,0,0,0,전표매입,2023-09-14,30011193
2023-07-18,12:48,KB국민 톡톡 with 리브메이트카드,봉수닭갈비,43000,0,0,0,전표매입,2023-09-14,30011187
2023-07-17,23:37,KB국민 톡톡 with 리브메이트카드,헥토_대표(구),360,0,0,0,전표매입,2023-08-01,30011171
2023-07-17,23:03,KB국민 톡톡 with 리브메이트카드,헥토_대표(구),450,0,0,0,전표매입,2023-08-01,30011160
2023-07-17,19:32,KB국민 톡톡 with 리브메이트카드,다복향마라탕,17460,0,0,0,전표매입,2023-08-01,30011158
2023-07-17,19:18,KB국민 톡톡 with 리브메이트카드,헥토_대표(구),360,0,0,0,전표매입,2023-08-01,30011148
2023-07-17,18:34,KB국민 톡톡 with 리브메이트카드,헥토_대표(구),720,0,0,0,전표매입,2023-08-01,30011137
2023-07-17,18:06,KB국민 톡톡 with 리브메이트카드,헥토_대표(구),630,0,0,0,전표매입,2023-08-01,30011126
2023-07-17,11:49,KB국민 톡톡 with 리브메이트카드,강원대학교생활협동조합,5500,0,0,0,전표매입,2023-08-01,30011116
2023-07-17,10:46,KB국민 톡톡 with 리브메이트카드,(주)와이비엠넷_카카오페이,42500,0,1010,0,전표매입,2023-08-01,30011109
2023-07-17,08:55,KB국민 톡톡 with 리브메이트카드,헥토_대표(구),270,0,0,0,전표매입,2023-08-01,30011092
2023-07-17,06:11,KB국민 톡톡 with 리브메이트카드,지하철 18 건,21750,0,1087,0,전표매입,2023-08-01,46341278
2023-07-17,05:57,KB국민 톡톡 with 리브메이트카드,버스 9 건,8100,0,405,0,전표매입,2023-08-01,44391068
2023-07-16,23:24,KB국민 톡톡 with 리브메이트카드,포토랩플러스 강원대점,5000,0,0,0,전표매입,2023-08-01,30011080
2023-07-16,21:56,KB국민 톡톡 with 리브메이트카드,필 코인노래연습장,2000,0,0,0,전표매입,2023-08-01,30011072
2023-07-16,21:52,KB국민 톡톡 with 리브메이트카드,강대곱창타운,31000,0,0,0,전표매입,2023-08-01,30011063
2023-07-16,15:08,KB국민 톡톡 with 리브메이트카드,지에스25 강원대기숙사점,1900,0,0,0,전표매입,2023-08-01,30011057
2023-07-15,23:47,KB국민 톡톡 with 리브메이트카드,후라이드바삭킹(강원대점),18900,0,0,0,전표매입,2023-08-01,30011039
2023-07-15,20:34,KB국민 톡톡 with 리브메이트카드,한국철도공사,8300,0,830,0,전표매입,2023-08-01,30011023
2023-07-15,18:41,KB국민 톡톡 with 리브메이트카드,24시 무인카페 더 웨일 (The whale),2300,0,0,0,전표매입,2023-08-01,30011015
2023-07-15,18:39,KB국민 톡톡 with 리브메이트카드,키오스크_KICC_3,2900,0,0,0,전표매입,2023-08-01,30011003
2023-07-15,03:45,KB국민 톡톡 with 리브메이트카드,쓰리팝PC 창동역점,1600,0,0,0,전표매입,2023-08-01,30010991
2023-07-15,03:42,KB국민 톡톡 with 리브메이트카드,쓰리팝PC 창동역점,8700,0,0,0,전표매입,2023-08-01,30010980
2023-07-15,02:10,KB국민 톡톡 with 리브메이트카드,쓰리팝PC 창동역점,30000,0,0,0,전표매입,2023-08-01,30010979
2023-07-12,23:59,KB국민 톡톡 with 리브메이트카드,달콤한 상상,2600,0,0,0,전표매입,2023-08-01,30010967
2023-07-12,23:54,KB국민 톡톡 with 리브메이트카드,달콤한 상상,1900,0,0,0,전표매입,2023-08-01,30010956
2023-07-12,23:49,KB국민 톡톡 with 리브메이트카드,달콤한 상상,800,0,0,0,전표매입,2023-08-01,30010945
2023-07-12,16:56,KB국민 톡톡 with 리브메이트카드,카카오법인택시,4600,0,0,0,전표매입,2023-08-01,30010932
2023-07-12,16:45,KB국민 톡톡 with 리브메이트카드,카카오택시 선승인 로카모빌리티,4600,0,0,0,승인취소,,30010921
2023-07-12,14:25,KB국민 톡톡 with 리브메이트카드,원리터강원대점,3500,0,0,0,전표매입,2023-08-01,30010918
2023-07-12,13:33,KB국민 톡톡 with 리브메이트카드,한국철도공사,9600,0,960,0,전표매입,2023-08-01,30010909
2023-07-12,12:56,KB국민 톡톡 with 리브메이트카드,강원대학교생활협동조합,4000,0,0,0,전표매입,2023-08-01,30010890
2023-07-12,05:18,KB국민 톡톡 with 리브메이트카드,지에스25 춘천대양,4200,0,0,0,전표매입,2023-08-01,30010881
2023-07-12,04:03,KB국민 톡톡 with 리브메이트카드,포토랩플러스 강원대점,8000,0,0,0,전표매입,2023-09-14,30010865
2023-07-12,03:58,KB국민 톡톡 with 리브메이트카드,79대포춘천강원대점,55700,0,0,0,전표매입,2023-08-01,30010859
2023-07-11,23:24,KB국민 톡톡 with 리브메이트카드,헥토_대표(구),270,0,0,0,전표매입,2023-08-01,30010844
2023-07-11,17:08,KB국민 톡톡 with 리브메이트카드,원리터강원대점,1500,0,0,0,전표매입,2023-08-01,30010839
2023-07-11,12:18,KB국민 톡톡 with 리브메이트카드,강원대학교생활협동조합,6000,0,0,0,전표매입,2023-08-01,30010823
2023-07-10,17:00,KB국민 톡톡 with 리브메이트카드,원리터강원대점,1500,0,0,0,전표매입,2023-08-01,30010817
2023-07-10,16:56,KB국민 톡톡 with 리브메이트카드,KB국민카드_카카오페이(일반)_개인영세,5000,0,0,0,전표매입,2023-08-01,30010806
2023-07-10,16:45,KB국민 톡톡 with 리브메이트카드,카카오페이(택시),3800,0,0,0,승인취소,,30010794
2023-07-10,15:28,KB국민 톡톡 with 리브메이트카드,코레일유통주식회사(청량리역),5900,0,0,0,전표매입,2023-08-01,30010783
2023-07-10,13:24,KB국민 톡톡 with 리브메이트카드,배키,44000,0,0,0,전표매입,2023-08-01,30010770
2023-07-10,07:37,KB국민 톡톡 with 리브메이트카드,LGUPLUS 통신요금자동이체,20990,0,0,0,전표매입,2023-08-01,30010763
2023-07-10,02:04,KB국민 톡톡 with 리브메이트카드,지에스25 뉴잠실점,15000,0,0,0,전표매입,2023-08-01,30010759
2023-07-08,06:34,KB국민 톡톡 with 리브메이트카드,24시 무인카페 더 웨일 (The whale),2300,0,0,0,전표매입,2023-08-01,30010733
2023-07-08,06:33,KB국민 톡톡 with 리브메이트카드,키오스크_KICC_3,2700,0,0,0,전표매입,2023-08-01,30010721
2023-07-08,04:58,KB국민 톡톡 with 리브메이트카드,세모 아이스크림 주공17점,1000,0,0,0,전표매입,2023-08-01,30010718
2023-07-08,00:19,KB국민 톡톡 with 리브메이트카드,천막집,68000,0,0,0,전표매입,2023-08-01,30010708
2023-07-07,15:35,KB국민 톡톡 with 리브메이트카드,주식회사 제이브로빈스,5500,0,0,0,전표매입,2023-08-01,30010698
2023-07-07,08:37,KB국민 톡톡 with 리브메이트카드,한국철도공사,9600,0,960,0,취소전표매입,,41810668
2023-07-06,23:59,KB국민 톡톡 with 리브메이트카드,세모 아이스크림 주공17점,1000,0,0,0,전표매입,2023-08-01,30010684
2023-07-06,18:58,KB국민 톡톡 with 리브메이트카드,스마일스퀘어 청라점,3000,0,0,0,전표매입,2023-08-01,30010678
2023-07-06,16:57,KB국민 톡톡 with 리브메이트카드,카카오법인택시,1000,0,0,0,전표매입,2023-08-01,30010662
2023-07-06,16:57,KB국민 톡톡 with 리브메이트카드,카카오법인택시,6900,0,0,0,전표매입,2023-08-01,30010651
2023-07-06,16:42,KB국민 톡톡 with 리브메이트카드,카카오택시 선승인 로카모빌리티,9200,0,0,0,승인취소,,30010640
2023-07-06,10:33,KB국민 톡톡 with 리브메이트카드,KB국민카드_카카오페이(일반)_개인영세,5300,0,0,0,전표매입,2023-08-01,30010637
2023-07-06,10:20,KB국민 톡톡 with 리브메이트카드,카카오페이(택시),4800,0,0,0,승인취소,,30010626
2023-07-05,20:21,KB국민 톡톡 with 리브메이트카드,한국철도공사,9600,0,960,0,전표매입,2023-08-01,30010617
2023-07-05,14:08,KB국민 톡톡 with 리브메이트카드,지에스25 강원대기숙사점,12600,0,0,0,전표매입,2023-08-01,30010595
2023-07-05,07:32,KB국민 톡톡 with 리브메이트카드,GOOGLE *Google Storage,0,2.01,0,0,전표매입,2023-08-01,310604
2023-07-04,22:06,KB국민 톡톡 with 리브메이트카드,티머니 개인택시_0,4100,0,0,0,전표매입,2023-08-01,30010570
2023-07-04,20:45,KB국민 톡톡 with 리브메이트카드,박가부대춘천강대점,19000,0,0,0,전표매입,2023-08-01,30010566
2023-07-04,11:30,KB국민 톡톡 with 리브메이트카드,헥토_대표(구),180,0,0,0,전표매입,2023-08-01,30010552
2023-07-04,11:26,KB국민 톡톡 with 리브메이트카드,헥토_대표(구),270,0,0,0,전표매입,2023-08-01,30010541
2023-07-03,18:42,KB국민 톡톡 with 리브메이트카드,원리터강원대점,1500,0,0,0,전표매입,2023-08-01,30010536
2023-07-03,18:37,KB국민 톡톡 with 리브메이트카드,티머니 개인택시_0,5300,0,0,0,전표매입,2023-08-01,30010525
2023-07-03,17:26,KB국민 톡톡 with 리브메이트카드,KB국민카드_카카오페이(일반)_개인영세,7000,0,0,0,전표매입,2023-08-01,30010514
2023-07-03,17:10,KB국민 톡톡 with 리브메이트카드,카카오페이(택시),5700,0,0,0,승인취소,,30010503
2023-07-03,15:35,KB국민 톡톡 with 리브메이트카드,KB국민카드_카카오페이(일반)_법인,5800,0,0,0,전표매입,2023-08-01,30010491
2023-07-03,15:22,KB국민 톡톡 with 리브메이트카드,카카오페이(택시),5300,0,0,0,승인취소,,30010480
2023-07-03,06:21,KB국민 톡톡 with 리브메이트카드,Amazon_AWS,720,0,0,0,전표매입,2023-08-01,30010473
2023-07-03,02:31,KB국민 톡톡 with 리브메이트카드,대표_카카오페이,1000,0,100,0,전표매입,2023-08-01,30010467
2023-07-02,21:04,KB국민 톡톡 with 리브메이트카드,설빙 (성신여대점),15900,0,0,0,전표매입,2023-08-01,30010458
2023-07-02,20:42,KB국민 톡톡 with 리브메이트카드,온달왕돈까스치킨,22500,0,0,0,전표매입,2023-08-01,30010443
2023-07-02,01:38,KB국민 톡톡 with 리브메이트카드,대표_카카오페이,1000,0,100,0,전표매입,2023-08-01,30010434
2023-07-02,00:59,KB국민 톡톡 with 리브메이트카드,쓰리팝PC 창동역점,3000,0,0,0,전표매입,2023-08-01,30010429
2023-07-02,00:40,KB국민 톡톡 with 리브메이트카드,쓰리팝PC 창동역점,10000,0,0,0,전표매입,2023-08-01,30010418
2023-07-01,15:12,KB국민 톡톡 with 리브메이트카드,24시 무인카페 더 웨일 (The whale),2300,0,0,0,전표매입,2023-08-01,30010407
2023-07-01,15:11,KB국민 톡톡 with 리브메이트카드,키오스크_KICC_3,1800,0,0,0,전표매입,2023-08-01,30010394
2023-07-01,10:44,KB국민 톡톡 with 리브메이트카드,24시 무인카페 더 웨일 (The whale),2000,0,0,0,전표매입,2023-08-01,30010384
2023-07-01,10:41,KB국민 톡톡 with 리브메이트카드,키오스크_KICC_3,2700,0,0,0,전표매입,2023-08-01,30010372
2023-06-30,23:51,KB국민 톡톡 with 리브메이트카드,세모 아이스크림 주공17점,3000,0,0,0,전표매입,2023-08-01,30010369
2023-06-30,22:07,KB국민 톡톡 with 리브메이트카드,포도 을지로점,5200,0,0,0,전표매입,2023-08-01,30010351
2023-06-30,15:12,KB국민 톡톡 with 리브메이트카드,GeekFriends,24000,0,0,0,전표매입,2023-08-01,30010347
2023-06-30,13:29,KB국민 톡톡 with 리브메이트카드,노브랜드버거 코엑스점,6900,0,0,0,전표매입,2023-08-01,30010333
2023-06-30,11:15,KB국민 톡톡 with 리브메이트카드,한국철도공사,12000,0,0,0,전표매입,2023-08-01,30010325
2023-06-30,11:12,KB국민 톡톡 with 리브메이트카드,KB국민카드_카카오페이(일반)_개인영세,3900,0,0,0,전표매입,2023-08-01,30010312
2023-06-30,11:05,KB국민 톡톡 with 리브메이트카드,카카오페이(택시),4300,0,0,0,승인취소,,30010301
2023-06-30,11:05,KB국민 톡톡 with 리브메이트카드,헥토_대표(구),180,0,0,0,전표매입,2023-08-01,30010293
2023-06-30,10:58,KB국민 톡톡 with 리브메이트카드,헥토_대표(구),270,0,0,0,전표매입,2023-08-01,30010282
2023-06-30,10:54,KB국민 톡톡 with 리브메이트카드,강원대학교생활협동조합,39500,0,0,0,전표매입,2023-08-01,30010272
2023-06-30,10:47,KB국민 톡톡 with 리브메이트카드,헥토_대표(구),270,0,0,0,전표매입,2023-08-01,30010260
2023-06-29,22:43,KB국민 톡톡 with 리브메이트카드,비지에프리테일 강원대BTL기숙사점,2200,0,0,0,전표매입,2023-08-01,30010256
2023-06-29,20:18,KB국민 톡톡 with 리브메이트카드,자이언트PC방2호점,2000,0,0,0,전표매입,2023-08-01,30010244
2023-06-29,18:15,KB국민 톡톡 with 리브메이트카드,쿠우쿠우 춘천,35600,0,0,0,전표매입,2023-08-01,30010234
2023-06-29,18:01,KB국민 톡톡 with 리브메이트카드,KB국민카드_카카오페이(일반)_개인영세,5000,0,0,0,전표매입,2023-08-01,30010222
2023-06-29,17:45,KB국민 톡톡 with 리브메이트카드,카카오페이(택시),5800,0,0,0,승인취소,,30010211
2023-06-29,14:51,KB국민 톡톡 with 리브메이트카드,지나오다,1300,0,0,0,전표매입,2023-08-01,30010207
2023-06-29,01:40,KB국민 톡톡 with 리브메이트카드,씨유(CU)춘천퇴계하모니점,5500,0,0,0,전표매입,2023-08-01,30010198
2023-06-28,17:58,KB국민 톡톡 with 리브메이트카드,헥토_대표(구),360,0,0,0,전표매입,2023-08-01,30010181
2023-06-28,15:16,KB국민 톡톡 with 리브메이트카드,티머니 개인택시_0,4800,0,0,0,전표매입,2023-08-01,30010176
2023-06-28,14:55,KB국민 톡톡 with 리브메이트카드,포토이즘 강원대점,5000,0,0,0,전표매입,2023-08-01,30010166
2023-06-28,13:52,KB국민 톡톡 with 리브메이트카드,탕화쿵푸 마라탕(강원대점),14200,0,0,0,전표매입,2023-08-01,30010158
2023-06-28,12:21,KB국민 톡톡 with 리브메이트카드,이니헤어,35000,0,0,0,전표매입,2023-08-01,30010147
2023-06-28,11:02,KB국민 톡톡 with 리브메이트카드,헥토_대표(구),360,0,0,0,전표매입,2023-08-01,30010136
2023-06-28,07:52,KB국민 톡톡 with 리브메이트카드,곰돌생삼겹살,72000,0,0,0,취소전표매입,,45090012
2023-06-28,00:36,KB국민 톡톡 with 리브메이트카드,헥토_대표(구),450,0,0,0,전표매입,2023-08-01,30010125
2023-06-27,19:43,KB국민 톡톡 with 리브메이트카드,쿠팡(쿠페이),10400,0,0,0,전표매입,2023-08-01,30010114
2023-06-27,18:42,KB국민 톡톡 with 리브메이트카드,원리터강원대점,2000,0,0,0,전표매입,2023-08-01,30010109
2023-06-27,18:17,KB국민 톡톡 with 리브메이트카드,세영식품(주) 강원대학교 이룸관점,4600,0,0,0,전표매입,2023-08-01,30010094
2023-06-27,18:13,KB국민 톡톡 with 리브메이트카드,헥토_대표(구),450,0,0,0,전표매입,2023-08-01,30010080
2023-06-27,17:50,KB국민 톡톡 with 리브메이트카드,헥토_대표(구),270,0,0,0,전표매입,2023-08-01,30010079
2023-06-27,13:45,KB국민 톡톡 with 리브메이트카드,원리터강원대점,2000,0,0,0,전표매입,2023-08-01,30010064
2023-06-27,13:44,KB국민 톡톡 with 리브메이트카드,헥토_대표(구),450,0,0,0,전표매입,2023-08-01,30010057
2023-06-27,12:30,KB국민 톡톡 with 리브메이트카드,강원대학교생활협동조합,500,0,0,0,전표매입,2023-08-01,30010047
2023-06-27,12:28,KB국민 톡톡 with 리브메이트카드,헥토_대표(구),270,0,0,0,전표매입,2023-08-01,30010035
2023-06-27,12:14,KB국민 톡톡 with 리브메이트카드,헥토_대표(구),360,0,0,0,전표매입,2023-08-01,30010024
2023-06-26,21:03,KB국민 톡톡 with 리브메이트카드,헥토_대표(구),360,0,0,0,전표매입,2023-08-01,30010013
2023-06-26,20:38,KB국민 톡톡 with 리브메이트카드,헥토_대표(구),360,0,0,0,전표매입,2023-08-01,30010002
2023-06-26,20:33,KB국민 톡톡 with 리브메이트카드,헥토_대표(구),360,0,0,0,전표매입,2023-08-01,30009998
2023-06-26,18:44,KB국민 톡톡 with 리브메이트카드,원리터강원대점,2000,0,0,0,전표매입,2023-08-01,30009983
2023-06-26,18:40,KB국민 톡톡 with 리브메이트카드,원리터강원대점,2000,0,0,0,전표매입,2023-08-01,30009972
2023-06-26,13:05,KB국민 톡톡 with 리브메이트카드,강원대학교생활협동조합,500,0,0,0,전표매입,2023-08-01,30009966
2023-06-26,04:06,KB국민 톡톡 with 리브메이트카드,헥토_대표(구),360,0,0,0,전표매입,2023-08-01,30009954
2023-06-26,03:24,KB국민 톡톡 with 리브메이트카드,헥토_대표(구),270,0,0,0,전표매입,2023-08-01,30009943
2023-06-26,00:53,KB국민 톡톡 with 리브메이트카드,더달달 아이스크림 후평동점,2300,0,0,0,전표매입,2023-08-01,30009933
2023-06-25,23:07,KB국민 톡톡 with 리브메이트카드,포토시그니처 강원대점,7500,0,0,0,전표매입,2023-08-01,30009924
2023-06-25,23:01,KB국민 톡톡 with 리브메이트카드,파파야,48000,0,0,0,전표매입,2023-08-01,30009917
2023-06-25,16:06,KB국민 톡톡 with 리브메이트카드,헥토_대표(구),360,0,0,0,전표매입,2023-08-01,30009909
2023-06-25,15:41,KB국민 톡톡 with 리브메이트카드,헥토_대표(구),540,0,0,0,전표매입,2023-08-01,30009897
2023-06-25,02:24,KB국민 톡톡 with 리브메이트카드,밥끼,3380,0,0,0,전표매입,2023-08-01,30009889
2023-06-25,00:01,KB국민 톡톡 with 리브메이트카드,강원대PC카페,6800,0,0,0,전표매입,2023-08-01,30009870
2023-06-24,20:56,KB국민 톡톡 with 리브메이트카드,강원대PC카페,10000,0,0,0,전표매입,2023-08-01,30009869
2023-06-23,18:17,KB국민 톡톡 with 리브메이트카드,헥토_대표(구),540,0,0,0,전표매입,2023-08-01,30009853
2023-06-23,12:16,KB국민 톡톡 with 리브메이트카드,헥토_대표(구),270,0,0,0,전표매입,2023-08-01,30009842
2023-06-23,11:41,KB국민 톡톡 with 리브메이트카드,헥토_대표(구),270,0,0,0,전표매입,2023-08-01,30009831
2023-06-22,23:27,KB국민 톡톡 with 리브메이트카드,헥토_대표(구),180,0,0,0,전표매입,2023-08-01,30009820
2023-06-22,21:17,KB국민 톡톡 with 리브메이트카드,더달달 아이스크림 후평동점,2200,0,0,0,전표매입,2023-08-01,30009810
2023-06-22,13:43,KB국민 톡톡 with 리브메이트카드,헥토_대표(구),288,0,0,0,전표매입,2023-08-01,30009808
2023-06-22,12:51,KB국민 톡톡 with 리브메이트카드,헥토_대표(구),270,0,0,0,전표매입,2023-08-01,30009796
2023-06-22,12:24,KB국민 톡톡 with 리브메이트카드,강원대학교생활협동조합,7000,0,0,0,전표매입,2023-08-01,30009786
2023-06-22,11:44,KB국민 톡톡 with 리브메이트카드,헥토_대표(구),702,0,0,0,전표매입,2023-08-01,30009774
2023-06-22,08:43,KB국민 톡톡 with 리브메이트카드,헥토_대표(구),657,0,0,0,전표매입,2023-08-01,30009763
2023-06-22,07:54,KB국민 톡톡 with 리브메이트카드,곰돌생삼겹살,72000,0,0,0,취소전표매입,,42454057
2023-06-22,07:54,KB국민 톡톡 with 리브메이트카드,곰돌생삼겹살,83000,0,0,0,취소전표매입,,42454035
2023-06-22,07:30,KB국민 톡톡 with 리브메이트카드,어소오소,63600,0,0,0,취소전표매입,,42383089
2023-06-20,19:20,KB국민 톡톡 with 리브메이트카드,곰돌생삼겹살,72000,0,0,0,전표매입,2023-08-01,30009759
2023-06-20,18:21,KB국민 톡톡 with 리브메이트카드,헥토_대표(구),360,0,0,0,전표매입,2023-08-01,30009741
2023-06-20,15:10,KB국민 톡톡 with 리브메이트카드,스팟마트,1000,0,0,0,전표매입,2023-08-01,30009735
2023-06-20,09:01,KB국민 톡톡 with 리브메이트카드,헥토_대표(구),270,0,0,0,전표매입,2023-08-01,30009729
2023-06-20,00:01,KB국민 톡톡 with 리브메이트카드,더달달 아이스크림 후평동점,5200,0,0,0,전표매입,2023-08-01,30009719
2023-06-19,22:18,KB국민 톡톡 with 리브메이트카드,헥토_대표(구),630,0,0,0,전표매입,2023-08-01,30009707
2023-06-19,15:17,KB국민 톡톡 with 리브메이트카드,스팟마트,200,0,0,0,전표매입,2023-08-01,30009690
2023-06-19,15:12,KB국민 톡톡 with 리브메이트카드,헥토_대표(구),360,0,0,0,전표매입,2023-08-01,30009684
2023-06-19,13:56,KB국민 톡톡 with 리브메이트카드,헥토_대표(구),180,0,0,0,전표매입,2023-08-01,30009673
2023-06-19,11:07,KB국민 톡톡 with 리브메이트카드,GOOGLE *Colab,0,6.33,0,0,취소전표매입,,019055
2023-06-19,11:05,KB국민 톡톡 with 리브메이트카드,스팟마트,1600,0,0,0,전표매입,2023-08-01,30009667
2023-06-19,02:50,KB국민 톡톡 with 리브메이트카드,김밥나라,12500,0,0,0,전표매입,2023-08-01,30009653
2023-06-19,00:19,KB국민 톡톡 with 리브메이트카드,공본스터디카페 춘천강원대센터,3500,0,0,0,전표매입,2023-08-01,30009644
2023-06-18,22:31,KB국민 톡톡 with 리브메이트카드,뉴욕쟁이디저트 강원대점,9100,0,0,0,전표매입,2023-08-01,30009637
2023-06-18,16:57,KB국민 톡톡 with 리브메이트카드,존앤존PC방,6500,0,0,0,전표매입,2023-08-01,30009627
2023-06-18,15:17,KB국민 톡톡 with 리브메이트카드,롯데리아강대점,2300,0,0,0,전표매입,2023-08-01,30009619
2023-06-18,02:30,KB국민 톡톡 with 리브메이트카드,원더랜드,1200,0,0,0,전표매입,2023-08-01,30009604
2023-06-17,21:57,KB국민 톡톡 with 리브메이트카드,스타디움피씨방,10000,0,0,0,전표매입,2023-07-01,30009595
2023-06-17,17:14,KB국민 톡톡 with 리브메이트카드,스타디움피씨방,10000,0,0,0,전표매입,2023-07-01,30009584
2023-06-17,14:16,KB국민 톡톡 with 리브메이트카드,헥토_대표(구),360,0,0,0,전표매입,2023-07-01,30009572
2023-06-17,13:37,KB국민 톡톡 with 리브메이트카드,헥토_대표(구),450,0,0,0,전표매입,2023-07-01,30009561
2023-06-17,06:23,KB국민 톡톡 with 리브메이트카드,지하철 1 건,1350,0,67,0,전표매입,2023-07-01,41247920
2023-06-16,21:12,KB국민 톡톡 with 리브메이트카드,헥토_대표(구),450,0,0,0,전표매입,2023-07-01,30009550
2023-06-16,21:00,KB국민 톡톡 with 리브메이트카드,헥토_대표(구),360,0,0,0,전표매입,2023-07-01,30009549
2023-06-16,20:18,KB국민 톡톡 with 리브메이트카드,곰돌생삼겹살,72000,0,0,0,전표매입,2023-07-01,30009535
2023-06-16,16:59,KB국민 톡톡 with 리브메이트카드,헥토_대표(구),360,0,0,0,전표매입,2023-07-01,30009527
2023-06-15,20:28,KB국민 톡톡 with 리브메이트카드,명랑시대쌀핫도그강원대점,1100,0,0,0,전표매입,2023-07-01,30009511
2023-06-15,08:52,KB국민 톡톡 with 리브메이트카드,헥토_대표(구),360,0,0,0,전표매입,2023-07-01,30009505
2023-06-14,17:54,KB국민 톡톡 with 리브메이트카드,쿠팡(쿠페이),67900,0,3000,0,전표매입,2023-07-01,30009493
2023-06-14,16:45,KB국민 톡톡 with 리브메이트카드,춘천사회혁신센터,4000,0,0,0,전표매입,2023-07-01,30009481
2023-06-14,16:39,KB국민 톡톡 with 리브메이트카드,헥토_대표(구),540,0,0,0,전표매입,2023-07-01,30009471
2023-06-14,14:42,KB국민 톡톡 with 리브메이트카드,헥토_대표(구),900,0,0,0,전표매입,2023-07-01,30009460
2023-06-14,14:19,KB국민 톡톡 with 리브메이트카드,진짬뽕진자장,36500,0,0,0,전표매입,2023-07-01,30009450
2023-06-13,20:37,KB국민 톡톡 with 리브메이트카드,더달달 아이스크림 후평동점,7500,0,0,0,전표매입,2023-07-01,30009449
2023-06-13,17:28,KB국민 톡톡 with 리브메이트카드,강원대PC카페,5000,0,0,0,전표매입,2023-07-01,30009432
2023-06-13,12:44,KB국민 톡톡 with 리브메이트카드,스팟마트,5300,0,0,0,전표매입,2023-07-01,30009421
2023-06-13,12:11,KB국민 톡톡 with 리브메이트카드,강원대학교생활협동조합,8800,0,0,0,전표매입,2023-07-01,30009416
2023-06-12,20:26,KB국민 톡톡 with 리브메이트카드,후라이드바삭킹(강원대점),18900,0,0,0,전표매입,2023-07-01,30009407
2023-06-12,18:16,KB국민 톡톡 with 리브메이트카드,헥토_대표(구),270,0,0,0,전표매입,2023-07-01,30009392
2023-06-12,18:08,KB국민 톡톡 with 리브메이트카드,헥토_대표(구),180,0,0,0,전표매입,2023-07-01,30009381
2023-06-12,18:01,KB국민 톡톡 with 리브메이트카드,라임치과의원,30000,0,0,0,전표매입,2023-07-01,30009372
2023-06-12,17:40,KB국민 톡톡 with 리브메이트카드,헥토_대표(구),630,0,0,0,전표매입,2023-07-01,30009369
2023-06-12,12:12,KB국민 톡톡 with 리브메이트카드,스팟마트,2400,0,0,0,전표매입,2023-07-01,30009353
2023-06-12,11:45,KB국민 톡톡 with 리브메이트카드,강원대학교생활협동조합,5500,0,0,0,전표매입,2023-07-01,30009348
2023-06-12,08:12,KB국민 톡톡 with 리브메이트카드,강원대학교생활협동조합,1000,0,0,0,전표매입,2023-07-01,30009337
2023-06-12,00:34,KB국민 톡톡 with 리브메이트카드,더달달 아이스크림 후평동점,7900,0,0,0,전표매입,2023-07-01,30009326
2023-06-11,18:37,KB국민 톡톡 with 리브메이트카드,씨유(CU) 춘천백령점,7600,0,0,0,전표매입,2023-07-01,30009310
2023-06-11,16:20,KB국민 톡톡 with 리브메이트카드,빈티지다락방,1200,0,0,0,전표매입,2023-07-01,30009306
2023-06-11,13:51,KB국민 톡톡 with 리브메이트카드,세븐일레븐 강원대점,1500,0,0,0,전표매입,2023-07-01,30009299
2023-06-11,13:21,KB국민 톡톡 with 리브메이트카드,빈티지다락방,4000,0,0,0,전표매입,2023-07-01,30009283
2023-06-11,10:10,KB국민 톡톡 with 리브메이트카드,지에스25 춘천현주점,12200,0,0,0,전표매입,2023-07-01,30009272
2023-06-10,22:09,KB국민 톡톡 with 리브메이트카드,지에스25 춘천현주점,2000,0,0,0,전표매입,2023-07-01,30009250
2023-06-09,13:38,KB국민 톡톡 with 리브메이트카드,원더랜드,600,0,0,0,전표매입,2023-07-01,30009233
2023-06-09,13:16,KB국민 톡톡 with 리브메이트카드,강원대학교생활협동조합,7000,0,0,0,전표매입,2023-07-01,30009225
2023-06-09,10:10,KB국민 톡톡 with 리브메이트카드,LGUPLUS 통신요금자동이체,20990,0,0,0,전표매입,2023-07-01,30009211
2023-06-09,08:21,KB국민 톡톡 with 리브메이트카드,강원대학교생활협동조합,2000,0,0,0,전표매입,2023-07-01,30009203
2023-06-09,07:06,KB국민 톡톡 with 리브메이트카드,다날_비트코퍼레이션_키오스크1,3500,0,0,0,전표매입,2023-07-01,30009193
2023-06-08,18:21,KB국민 톡톡 with 리브메이트카드,빽다방강원대점,3800,0,0,0,전표매입,2023-07-01,30009189
2023-06-08,17:50,KB국민 톡톡 with 리브메이트카드,강원대학교생활협동조합,5200,0,0,0,전표매입,2023-07-01,30009179
2023-06-08,12:26,KB국민 톡톡 with 리브메이트카드,더 헤라 PC방,9000,0,0,0,전표매입,2023-07-01,30009168
2023-06-07,22:18,KB국민 톡톡 with 리브메이트카드,예스마트후평점,1950,0,0,0,전표매입,2023-07-01,30009151
2023-06-07,21:49,KB국민 톡톡 with 리브메이트카드,더모아아이스크림할인점,1200,0,0,0,전표매입,2023-07-01,30009147
2023-06-07,21:23,KB국민 톡톡 with 리브메이트카드,곰돌생삼겹살,83000,0,0,0,전표매입,2023-07-01,30009131
2023-06-07,18:28,KB국민 톡톡 with 리브메이트카드,커피베이 강원대학교점(COFFEEBAY),3300,0,0,33,전표매입,2023-07-01,30009127
2023-06-07,18:03,KB국민 톡톡 with 리브메이트카드,헥토_대표(구),360,0,0,0,전표매입,2023-07-01,30009112
2023-06-07,12:13,KB국민 톡톡 with 리브메이트카드,주식회사한우기업,4000,0,0,0,전표매입,2023-07-01,30009102
2023-06-06,17:34,KB국민 톡톡 with 리브메이트카드,명랑시대쌀핫도그강원대점,3100,0,0,0,전표매입,2023-07-01,30009094
2023-06-06,17:26,KB국민 톡톡 with 리브메이트카드,헥토_대표(구),270,0,0,0,전표매입,2023-07-01,30009088
2023-06-06,14:07,KB국민 톡톡 with 리브메이트카드,춘천농협농수산물종합유통센터,6150,0,0,0,전표매입,2023-07-01,30009076
2023-06-06,13:36,KB국민 톡톡 with 리브메이트카드,다이브 에스프레소클럽(춘천엔타점),8000,0,0,0,전표매입,2023-07-01,30009063
2023-06-06,01:03,KB국민 톡톡 with 리브메이트카드,헥토_대표(구),450,0,0,0,전표매입,2023-07-01,30009055
2023-06-05,21:19,KB국민 톡톡 with 리브메이트카드,맘스터치 강대효자점,9400,0,0,94,전표매입,2023-07-01,30009047
2023-06-05,12:03,KB국민 톡톡 with 리브메이트카드,스팟마트,2500,0,0,0,전표매입,2023-07-01,30009027
2023-06-05,10:21,KB국민 톡톡 with 리브메이트카드,GOOGLE *Colab,0,10.1,0,0,전표매입,2023-07-01,309039
2023-06-04,19:36,KB국민 톡톡 with 리브메이트카드,탕화쿵푸 마라탕(강원대점),10300,0,0,0,전표매입,2023-07-01,30009011
2023-06-03,17:31,KB국민 톡톡 with 리브메이트카드,헥토_대표(구),270,0,0,0,전표매입,2023-07-01,30009000
2023-06-03,12:37,KB국민 톡톡 with 리브메이트카드,빽다방강원대점,2000,0,0,0,전표매입,2023-07-01,30008997
2023-06-03,12:33,KB국민 톡톡 with 리브메이트카드,만석식당강원대점,27000,0,0,270,전표매입,2023-07-01,30008980
2023-06-03,10:14,KB국민 톡톡 with 리브메이트카드,헥토_대표(구),180,0,0,0,전표매입,2023-07-01,30008975
2023-06-03,09:30,KB국민 톡톡 with 리브메이트카드,원더랜드,1200,0,0,0,전표매입,2023-07-01,30008962
2023-06-03,09:24,KB국민 톡톡 with 리브메이트카드,헥토_대표(구),180,0,0,0,전표매입,2023-07-01,30008953
2023-06-03,09:04,KB국민 톡톡 with 리브메이트카드,헥토_대표(구),360,0,0,0,전표매입,2023-07-01,30008942
2023-06-02,23:08,KB국민 톡톡 with 리브메이트카드,세븐일레븐 뉴강대천하점,6700,0,0,0,전표매입,2023-07-01,30008933
2023-06-02,20:38,KB국민 톡톡 with 리브메이트카드,Amazon_AWS,738,0,0,0,전표매입,2023-07-01,30008920
2023-06-02,19:09,KB국민 톡톡 with 리브메이트카드,탕화쿵푸 마라탕(강원대점),11600,0,0,0,전표매입,2023-07-01,30008919
2023-06-02,15:58,KB국민 톡톡 with 리브메이트카드,강원대학교생활협동조합,1200,0,0,0,전표매입,2023-07-01,30008909
2023-06-02,15:45,KB국민 톡톡 with 리브메이트카드,헥토_대표(구),270,0,0,0,전표매입,2023-07-01,30008896
2023-06-02,15:36,KB국민 톡톡 with 리브메이트카드,헥토_대표(구),720,0,0,0,전표매입,2023-07-01,30008885
2023-06-02,14:12,KB국민 톡톡 with 리브메이트카드,스팟마트,200,0,0,0,전표매입,2023-07-01,30008879
2023-06-02,12:36,KB국민 톡톡 with 리브메이트카드,주식회사한우기업,5000,0,0,0,전표매입,2023-07-01,30008864
2023-06-02,09:07,KB국민 톡톡 with 리브메이트카드,카페 마운틴,1000,0,0,0,전표매입,2023-07-01,30008857
2023-06-02,01:18,KB국민 톡톡 with 리브메이트카드,세븐일레븐 트루엘더퍼스트점,12500,0,0,0,전표매입,2023-07-01,30008845
2023-06-01,20:01,KB국민 톡톡 with 리브메이트카드,헥토_대표(구),540,0,0,0,전표매입,2023-07-01,30008830
2023-06-01,18:46,KB국민 톡톡 with 리브메이트카드,밥끼,2600,0,0,0,전표매입,2023-07-01,30008822
2023-06-01,18:41,KB국민 톡톡 with 리브메이트카드,후라이드바삭킹(강원대점),23200,0,0,0,전표매입,2023-07-01,30008811
2023-06-01,11:59,KB국민 톡톡 with 리브메이트카드,강원대학교생활협동조합,4500,0,0,0,전표매입,2023-07-01,30008808
2023-06-01,09:47,KB국민 톡톡 with 리브메이트카드,헥토_대표(구),360,0,0,0,전표매입,2023-07-01,30008795
2023-06-01,09:25,KB국민 톡톡 with 리브메이트카드,글로벌경영관까페,1000,0,0,0,전표매입,2023-07-01,30008785
2023-06-01,09:22,KB국민 톡톡 with 리브메이트카드,헥토_대표(구),450,0,0,0,전표매입,2023-07-01,30008773
2023-06-01,08:51,KB국민 톡톡 with 리브메이트카드,헥토_대표(구),270,0,0,0,전표매입,2023-07-01,30008762
2023-06-01,03:28,KB국민 톡톡 with 리브메이트카드,헥토_대표(구),360,0,0,0,전표매입,2023-07-01,30008751
2023-05-31,23:28,KB국민 톡톡 with 리브메이트카드,예스마트후평점,6700,0,0,0,전표매입,2023-07-01,30008745
2023-05-31,20:47,KB국민 톡톡 with 리브메이트카드,예스마트후평점,2440,0,0,0,전표매입,2023-07-01,30008734
2023-05-31,20:04,KB국민 톡톡 with 리브메이트카드,어소오소,63600,0,0,0,전표매입,2023-07-01,30008725
2023-05-31,16:34,KB국민 톡톡 with 리브메이트카드,카카오개인택시영세,5000,0,0,0,전표매입,2023-07-01,30008715
2023-05-31,16:21,KB국민 톡톡 with 리브메이트카드,카카오택시 선승인 로카모빌리티,5800,0,0,0,승인취소,,30008704
2023-05-31,14:34,KB국민 톡톡 with 리브메이트카드,메가커피 강원대점,2000,0,0,0,전표매입,2023-07-01,30008693
2023-05-31,12:15,KB국민 톡톡 with 리브메이트카드,주식회사한우기업,5000,0,0,0,전표매입,2023-07-01,30008684
2023-05-31,10:06,KB국민 톡톡 with 리브메이트카드,헥토_대표(구),540,0,0,0,전표매입,2023-07-01,30008672
2023-05-30,16:48,KB국민 톡톡 with 리브메이트카드,컴포즈커피 춘천강원대후문점,3000,0,0,0,전표매입,2023-07-01,30008662
2023-05-30,16:40,KB국민 톡톡 with 리브메이트카드,헥토_대표(구),360,0,0,0,전표매입,2023-07-01,30008650
2023-05-30,14:55,KB국민 톡톡 with 리브메이트카드,헥토_대표(구),270,0,0,0,전표매입,2023-07-01,30008649
2023-05-30,11:57,KB국민 톡톡 with 리브메이트카드,강원대학교생활협동조합,12600,0,0,0,전표매입,2023-07-01,30008639
2023-05-30,10:00,KB국민 톡톡 with 리브메이트카드,헥토_대표(구),180,0,0,0,전표매입,2023-07-01,30008627
2023-05-29,18:39,KB국민 톡톡 with 리브메이트카드,타프로스터스,16000,0,0,0,전표매입,2023-07-01,30008618
2023-05-29,18:32,KB국민 톡톡 with 리브메이트카드,헥토_대표(구),180,0,0,0,전표매입,2023-07-01,30008605
2023-05-29,13:09,KB국민 톡톡 with 리브메이트카드,온찬,13000,0,0,0,전표매입,2023-07-01,30008596
2023-05-29,03:58,KB국민 톡톡 with 리브메이트카드,지에스(GS)25 강원대정문점,9700,0,0,0,전표매입,2023-07-01,30008588
2023-05-29,00:37,KB국민 톡톡 with 리브메이트카드,스타디움피씨방,2000,0,0,0,전표매입,2023-07-01,30008561
2023-05-29,00:33,KB국민 톡톡 with 리브메이트카드,스타디움피씨방,8300,0,0,0,전표매입,2023-07-01,30008550
2023-05-28,20:25,KB국민 톡톡 with 리브메이트카드,스타디움피씨방,3000,0,0,0,전표매입,2023-07-01,30008549
2023-05-28,18:20,KB국민 톡톡 with 리브메이트카드,스타디움피씨방,10000,0,0,0,전표매입,2023-07-01,30008538
2023-05-27,22:10,KB국민 톡톡 with 리브메이트카드,배스킨라빈스31강원대점,100,0,0,0,전표매입,2023-07-01,30008529
2023-05-27,22:03,KB국민 톡톡 with 리브메이트카드,올리브영 강원대점,6900,0,0,0,전표매입,2023-07-01,30008519
2023-05-27,15:22,KB국민 톡톡 with 리브메이트카드,메가커피 강원대점,3000,0,0,0,전표매입,2023-07-01,30008491
2023-05-26,14:34,KB국민 톡톡 with 리브메이트카드,지에스25 춘천현주점,2200,0,0,0,전표매입,2023-07-01,30008484
2023-05-26,14:11,KB국민 톡톡 with 리브메이트카드,컴포즈커피 춘천강원대후문점,1500,0,0,0,전표매입,2023-07-01,30008460
2023-05-26,14:04,KB국민 톡톡 with 리브메이트카드,헥토_대표(구),360,0,0,0,전표매입,2023-07-01,30008458
2023-05-26,12:17,KB국민 톡톡 with 리브메이트카드,스팟마트,900,0,0,0,전표매입,2023-07-01,30008442
2023-05-26,11:12,KB국민 톡톡 with 리브메이트카드,남춘천분식,24000,0,0,0,전표매입,2023-07-01,30008431
2023-05-25,08:57,KB국민 톡톡 with 리브메이트카드,헥토_대표(구),270,0,0,0,전표매입,2023-07-01,30008425
2023-05-25,02:05,KB국민 톡톡 with 리브메이트카드,헥토_대표(구),360,0,0,0,전표매입,2023-07-01,30008414
2023-05-24,19:06,KB국민 톡톡 with 리브메이트카드,헥토_대표(구),180,0,0,0,전표매입,2023-07-01,30008403
2023-05-24,18:25,KB국민 톡톡 with 리브메이트카드,강원대PC카페,9800,0,0,0,전표매입,2023-07-01,30008396
2023-05-24,12:23,KB국민 톡톡 with 리브메이트카드,카페 마운틴,1800,0,0,0,전표매입,2023-07-01,30008385
2023-05-24,11:52,KB국민 톡톡 with 리브메이트카드,강원대학교생활협동조합,1300,0,0,0,전표매입,2023-07-01,30008370
2023-05-24,08:49,KB국민 톡톡 with 리브메이트카드,스팟마트,1900,0,0,0,전표매입,2023-07-01,30008363
2023-05-24,08:44,KB국민 톡톡 with 리브메이트카드,헥토_대표(구),270,0,0,0,전표매입,2023-07-01,30008357
2023-05-24,08:41,KB국민 톡톡 with 리브메이트카드,헥토_대표(구),180,0,0,0,전표매입,2023-07-01,30008346
2023-05-24,08:37,KB국민 톡톡 with 리브메이트카드,헥토_대표(구),180,0,0,0,전표매입,2023-07-01,30008335
2023-05-24,00:44,KB국민 톡톡 with 리브메이트카드,원더랜드,1200,0,0,0,전표매입,2023-07-01,30008322
2023-05-23,23:04,KB국민 톡톡 with 리브메이트카드,세븐일레븐 강원대점,2200,0,0,0,전표매입,2023-07-01,30008311
2023-05-23,22:55,KB국민 톡톡 with 리브메이트카드,포토인더박스 강원대점,21000,0,0,0,전표매입,2023-07-01,30008308
2023-05-23,08:32,KB국민 톡톡 with 리브메이트카드,헥토_대표(구),270,0,0,0,전표매입,2023-07-01,30008290
2023-05-23,08:13,KB국민 톡톡 with 리브메이트카드,강원대학교생활협동조합,1000,0,0,0,전표매입,2023-07-01,30008280
2023-05-23,00:55,KB국민 톡톡 with 리브메이트카드,원더랜드,1200,0,0,0,전표매입,2023-07-01,30008276
2023-05-23,00:48,KB국민 톡톡 with 리브메이트카드,헥토_대표(구),360,0,0,0,전표매입,2023-07-01,30008267
2023-05-22,11:25,KB국민 톡톡 with 리브메이트카드,강원대학교생활협동조합,3800,0,0,0,전표매입,2023-07-01,30008257
2023-05-22,09:04,KB국민 톡톡 with 리브메이트카드,헥토_대표(구),360,0,0,0,전표매입,2023-07-01,30008245
2023-05-21,22:38,KB국민 톡톡 with 리브메이트카드,헥토_대표(구),450,0,0,0,전표매입,2023-07-01,30008234
2023-05-21,20:42,KB국민 톡톡 with 리브메이트카드,헥토_대표(구),360,0,0,0,전표매입,2023-07-01,30008223
2023-05-21,20:08,KB국민 톡톡 with 리브메이트카드,헥토_대표(구),270,0,0,0,전표매입,2023-07-01,30008212
2023-05-21,13:33,KB국민 톡톡 with 리브메이트카드,존앤존프라임스PC,10000,0,0,0,전표매입,2023-07-01,30008206
2023-05-21,12:46,KB국민 톡톡 with 리브메이트카드,이니헤어,58000,0,0,0,전표매입,2023-07-01,30008199
2023-05-20,22:25,KB국민 톡톡 with 리브메이트카드,스타디움피씨방,9500,0,0,0,전표매입,2023-07-01,30008189
2023-05-20,11:20,KB국민 톡톡 with 리브메이트카드,탕화쿵푸 마라탕(강원대점),19400,0,0,0,전표매입,2023-07-01,30008177
2023-05-20,08:51,KB국민 톡톡 with 리브메이트카드,헥토_대표(구),180,0,0,0,전표매입,2023-07-01,30008166
2023-05-20,08:38,KB국민 톡톡 with 리브메이트카드,헥토_대표(구),360,0,0,0,전표매입,2023-07-01,30008155
2023-05-20,01:10,KB국민 톡톡 with 리브메이트카드,헥토_대표(구),285,0,0,0,전표매입,2023-07-01,30008144
2023-05-19,18:30,KB국민 톡톡 with 리브메이트카드,헥토_대표(구),380,0,0,0,전표매입,2023-07-01,30008133
2023-05-19,18:21,KB국민 톡톡 with 리브메이트카드,불닭발동대문엽기떡볶이강원대점,18000,0,0,0,전표매입,2023-07-01,30008120
2023-05-19,12:55,KB국민 톡톡 with 리브메이트카드,지에스25 춘천현주점,5900,0,0,0,전표매입,2023-07-01,30008114
2023-05-19,00:50,KB국민 톡톡 with 리브메이트카드,지에스25 춘천현주점,4700,0,0,0,전표매입,2023-07-01,30008091
2023-05-18,22:37,KB국민 톡톡 with 리브메이트카드,더 헤라 PC방,6000,0,0,0,전표매입,2023-07-01,30008077
2023-05-18,17:55,KB국민 톡톡 with 리브메이트카드,헥토_대표(구),190,0,0,0,전표매입,2023-07-01,30008065
2023-05-18,11:48,KB국민 톡톡 with 리브메이트카드,스팟마트,200,0,0,0,전표매입,2023-07-01,30008059
2023-05-18,08:51,KB국민 톡톡 with 리브메이트카드,헥토_대표(구),380,0,0,0,전표매입,2023-07-01,30008043
2023-05-17,23:17,KB국민 톡톡 with 리브메이트카드,헥토_대표(구),190,0,0,0,전표매입,2023-06-01,30008032
2023-05-17,22:18,KB국민 톡톡 with 리브메이트카드,헥토_대표(구),285,0,0,0,전표매입,2023-06-01,30008021
2023-05-17,22:07,KB국민 톡톡 with 리브메이트카드,헥토_대표(구),285,0,0,0,전표매입,2023-06-01,30008010
2023-05-17,21:44,KB국민 톡톡 with 리브메이트카드,헥토_대표(구),285,0,0,0,전표매입,2023-06-01,30008009
2023-05-17,19:39,KB국민 톡톡 with 리브메이트카드,다날_비트코퍼레이션_키오스크1,3000,0,0,0,전표매입,2023-06-01,30007999
2023-05-17,19:02,KB국민 톡톡 with 리브메이트카드,헥토_대표(구),380,0,0,0,전표매입,2023-06-01,30007985
2023-05-17,15:55,KB국민 톡톡 with 리브메이트카드,스팟마트,700,0,0,0,전표매입,2023-06-01,30007979
2023-05-17,12:24,KB국민 톡톡 with 리브메이트카드,주식회사한우기업,2500,0,0,0,전표매입,2023-06-01,30007964
2023-05-17,12:03,KB국민 톡톡 with 리브메이트카드,주식회사한우기업,4500,0,0,0,전표매입,2023-06-01,30007953
2023-05-17,08:58,KB국민 톡톡 with 리브메이트카드,헥토_대표(구),285,0,0,0,전표매입,2023-06-01,30007941
2023-05-17,06:03,KB국민 톡톡 with 리브메이트카드,지하철 3 건,3750,0,187,0,전표매입,2023-06-01,49405115
2023-05-16,23:58,KB국민 톡톡 with 리브메이트카드,헥토_대표(구),1615,0,0,0,전표매입,2023-06-01,30007930
2023-05-16,22:59,KB국민 톡톡 with 리브메이트카드,지에스25 춘천현주점,2000,0,0,0,전표매입,2023-06-01,30007922
2023-05-16,22:45,KB국민 톡톡 with 리브메이트카드,헥토_대표(구),285,0,0,0,전표매입,2023-06-01,30007907
2023-05-16,13:51,KB국민 톡톡 with 리브메이트카드,스팟마트,1600,0,0,0,전표매입,2023-06-01,30007890
2023-05-16,12:12,KB국민 톡톡 with 리브메이트카드,스팟마트,2500,0,0,0,전표매입,2023-06-01,30007889
2023-05-16,08:44,KB국민 톡톡 with 리브메이트카드,헥토_대표(구),380,0,0,0,전표매입,2023-06-01,30007873
2023-05-16,08:15,KB국민 톡톡 with 리브메이트카드,강원대학교생활협동조합,1000,0,0,0,전표매입,2023-06-01,30007863
2023-05-16,02:23,KB국민 톡톡 with 리브메이트카드,헥토_대표(구),380,0,0,0,전표매입,2023-06-01,30007851
2023-05-15,21:16,KB국민 톡톡 with 리브메이트카드,더 헤라 PC방,2500,0,0,0,전표매입,2023-06-01,30007841
2023-05-15,20:42,KB국민 톡톡 with 리브메이트카드,더 헤라 PC방,12000,0,0,0,전표매입,2023-06-01,30007830
2023-05-15,12:00,KB국민 톡톡 with 리브메이트카드,스팟마트,600,0,0,0,전표매입,2023-06-01,30007823
2023-05-15,08:43,KB국민 톡톡 with 리브메이트카드,스팟마트,100,0,0,0,전표매입,2023-06-01,30007812
2023-05-15,08:10,KB국민 톡톡 with 리브메이트카드,헥토_대표(구),285,0,0,0,전표매입,2023-06-01,30007806
2023-05-15,07:33,KB국민 톡톡 with 리브메이트카드,씨유 강원대백록관점,7200,0,0,0,전표매입,2023-06-01,30007793
2023-05-15,07:09,KB국민 톡톡 with 리브메이트카드,헥토_대표(구),475,0,0,0,전표매입,2023-06-01,30007783
2023-05-15,07:02,KB국민 톡톡 with 리브메이트카드,헥토_대표(구),190,0,0,0,전표매입,2023-06-01,30007772
2023-05-14,23:07,KB국민 톡톡 with 리브메이트카드,세븐일레븐 트루엘더퍼스트점,5500,0,0,0,전표매입,2023-06-01,30007765
2023-05-14,22:58,KB국민 톡톡 with 리브메이트카드,더달달 아이스크림 후평동점,800,0,0,0,전표매입,2023-06-01,30007751
2023-05-14,16:57,KB국민 톡톡 with 리브메이트카드,스타디움피씨방,4500,0,0,0,전표매입,2023-06-01,30007740
2023-05-14,15:44,KB국민 톡톡 with 리브메이트카드,스타디움피씨방,10000,0,0,0,전표매입,2023-06-01,30007739
2023-05-14,10:46,KB국민 톡톡 with 리브메이트카드,지에스25 춘천현주점,9200,0,920,0,전표매입,2023-06-01,30007720
2023-05-13,22:51,KB국민 톡톡 with 리브메이트카드,헥토_대표(구),380,0,0,0,전표매입,2023-06-01,30007716
2023-05-13,19:21,KB국민 톡톡 with 리브메이트카드,헥토_대표(구),380,0,0,0,전표매입,2023-06-01,30007705
2023-05-13,17:38,KB국민 톡톡 with 리브메이트카드,헥토_대표(구),190,0,0,0,전표매입,2023-06-01,30007693
2023-05-13,17:35,KB국민 톡톡 with 리브메이트카드,헥토_대표(구),190,0,0,0,전표매입,2023-06-01,30007682
2023-05-13,13:25,KB국민 톡톡 with 리브메이트카드,카페 포 너드,8600,0,0,0,전표매입,2023-06-01,30007678
2023-05-12,13:21,KB국민 톡톡 with 리브메이트카드,크레이저강원대점,8300,0,0,0,전표매입,2023-06-01,30007669
2023-05-12,08:33,KB국민 톡톡 with 리브메이트카드,스팟마트,400,0,0,0,전표매입,2023-06-01,30007654
2023-05-12,08:02,KB국민 톡톡 with 리브메이트카드,강원대학교생활협동조합,1000,0,0,0,전표매입,2023-06-01,30007649
2023-05-11,18:00,KB국민 톡톡 with 리브메이트카드,강원대학교생활협동조합,5200,0,0,0,전표매입,2023-06-01,30007638
2023-05-11,12:35,KB국민 톡톡 with 리브메이트카드,스팟마트,2700,0,0,0,전표매입,2023-06-01,30007621
2023-05-11,12:30,KB국민 톡톡 with 리브메이트카드,헥토_대표(구),285,0,0,0,전표매입,2023-06-01,30007615
2023-05-11,11:55,KB국민 톡톡 with 리브메이트카드,강원대학교생활협동조합,4000,0,0,0,전표매입,2023-06-01,30007605
2023-05-11,08:49,KB국민 톡톡 with 리브메이트카드,헥토_대표(구),285,0,0,0,전표매입,2023-06-01,30007592
2023-05-11,01:34,KB국민 톡톡 with 리브메이트카드,원더랜드,1500,0,0,0,전표매입,2023-06-01,30007589
2023-05-11,01:24,KB국민 톡톡 with 리브메이트카드,헥토_대표(구),380,0,0,0,전표매입,2023-06-01,30007570
2023-05-10,23:40,KB국민 톡톡 with 리브메이트카드,헥토_대표(구),475,0,0,0,전표매입,2023-06-01,30007569
2023-05-10,17:22,KB국민 톡톡 with 리브메이트카드,원더랜드,1200,0,0,0,전표매입,2023-06-01,30007556
2023-05-10,17:16,KB국민 톡톡 with 리브메이트카드,헥토_대표(구),285,0,0,0,전표매입,2023-06-01,30007547
2023-05-10,12:40,KB국민 톡톡 with 리브메이트카드,주식회사한우기업,3000,0,0,0,전표매입,2023-06-01,30007537
2023-05-10,12:12,KB국민 톡톡 with 리브메이트카드,주식회사한우기업,5000,0,0,0,전표매입,2023-06-01,30007526
2023-05-10,09:01,KB국민 톡톡 with 리브메이트카드,헥토_대표(구),1805,0,0,0,전표매입,2023-06-01,30007514
2023-05-10,08:46,KB국민 톡톡 with 리브메이트카드,스팟마트,2700,0,0,0,전표매입,2023-06-01,30007508
2023-05-10,01:33,KB국민 톡톡 with 리브메이트카드,원더랜드,1200,0,0,0,전표매입,2023-06-01,30007499
2023-05-09,10:10,KB국민 톡톡 with 리브메이트카드,LGUPLUS 통신요금자동이체,20990,0,0,0,전표매입,2023-06-01,30007488
2023-05-09,08:48,KB국민 톡톡 with 리브메이트카드,헥토_대표(구),380,0,0,0,전표매입,2023-06-01,30007479
2023-05-09,04:21,KB국민 톡톡 with 리브메이트카드,헥토_대표(구),285,0,0,0,전표매입,2023-06-01,30007468
2023-05-08,22:23,KB국민 톡톡 with 리브메이트카드,헥토_대표(구),380,0,0,0,전표매입,2023-06-01,30007457
2023-05-08,21:59,KB국민 톡톡 with 리브메이트카드,헥토_대표(구),285,0,0,0,전표매입,2023-06-01,30007446
2023-05-08,21:54,KB국민 톡톡 with 리브메이트카드,헥토_대표(구),380,0,0,0,전표매입,2023-06-01,30007435
2023-05-08,21:26,KB국민 톡톡 with 리브메이트카드,헥토_대표(구),285,0,0,0,전표매입,2023-06-01,30007424
2023-05-08,12:28,KB국민 톡톡 with 리브메이트카드,스팟마트,4400,0,0,0,전표매입,2023-06-01,30007418
2023-05-08,11:50,KB국민 톡톡 with 리브메이트카드,강원대학교생활협동조합,6300,0,0,0,전표매입,2023-06-01,30007403
2023-05-08,08:41,KB국민 톡톡 with 리브메이트카드,헥토_대표(구),285,0,0,0,전표매입,2023-06-01,30007390
2023-05-07,20:59,KB국민 톡톡 with 리브메이트카드,필 코인노래연습장,1000,0,0,0,전표매입,2023-06-01,30007381
2023-05-07,20:55,KB국민 톡톡 with 리브메이트카드,헥토_대표(구),380,0,0,0,전표매입,2023-06-01,30007378
2023-05-07,20:38,KB국민 톡톡 with 리브메이트카드,대주객,30000,0,0,0,전표매입,2023-06-01,30007360
2023-05-07,19:01,KB국민 톡톡 with 리브메이트카드,다날_비트코퍼레이션_키오스크1,12000,0,0,0,전표매입,2023-06-01,30007359
2023-05-07,14:49,KB국민 톡톡 with 리브메이트카드,다날_비트코퍼레이션_키오스크1,2000,0,0,0,전표매입,2023-06-01,30007348
2023-05-07,14:47,KB국민 톡톡 with 리브메이트카드,헥토_대표(구),475,0,0,0,전표매입,2023-06-01,30007334
2023-05-07,12:26,KB국민 톡톡 with 리브메이트카드,한국철도공사,7100,0,0,0,전표매입,2023-06-01,30007321
2023-05-06,17:19,KB국민 톡톡 with 리브메이트카드,코레일유통주식회사(회기역),5000,0,0,0,전표매입,2023-06-01,30007318
2023-05-06,17:18,KB국민 톡톡 with 리브메이트카드,코레일유통주식회사(회기역),5000,0,0,0,전표매입,2023-06-01,30007307
2023-05-06,10:14,KB국민 톡톡 with 리브메이트카드,KB국민카드_카카오페이(일반)_법인,300,0,0,0,전표매입,2023-06-01,30007295
2023-05-06,10:14,KB국민 톡톡 with 리브메이트카드,KB국민카드_카카오페이(일반)_개인영세,5400,0,0,0,전표매입,2023-06-01,30007284
2023-05-06,10:01,KB국민 톡톡 with 리브메이트카드,카카오페이(택시),6200,0,0,0,승인취소,,30007273
2023-05-06,09:53,KB국민 톡톡 with 리브메이트카드,한국철도공사,8300,0,830,0,전표매입,2023-06-01,30007264
2023-05-05,15:31,KB국민 톡톡 with 리브메이트카드,지에스25 춘천현주점,3800,0,0,0,전표매입,2023-06-01,30007247
2023-05-05,15:17,KB국민 톡톡 with 리브메이트카드,메가커피 강원대점,3300,0,0,0,전표매입,2023-06-01,30007221
2023-05-05,10:21,KB국민 톡톡 with 리브메이트카드,GOOGLE *Colab,0,10.1,0,0,전표매입,2023-06-01,307251
2023-05-05,06:31,KB국민 톡톡 with 리브메이트카드,강원대학교생활협동조합,1500,0,0,0,취소전표매입,,48484158
2023-05-04,17:55,KB국민 톡톡 with 리브메이트카드,헥토_대표(구),285,0,0,0,전표매입,2023-06-01,30007211
2023-05-04,15:56,KB국민 톡톡 with 리브메이트카드,강원대학교생활협동조합,1500,0,0,0,전표매입,2023-06-01,30007201
2023-05-04,14:05,KB국민 톡톡 with 리브메이트카드,스팟마트,2200,0,0,0,전표매입,2023-06-01,30007193
2023-05-04,12:45,KB국민 톡톡 with 리브메이트카드,밥끼,3800,0,0,0,전표매입,2023-06-01,30007180
2023-05-04,12:42,KB국민 톡톡 with 리브메이트카드,대암감자탕,47000,0,0,0,전표매입,2023-06-01,30007173
2023-05-04,09:00,KB국민 톡톡 with 리브메이트카드,헥토_대표(구),1063,0,0,0,전표매입,2023-06-01,30007165
2023-05-04,04:33,KB국민 톡톡 with 리브메이트카드,씨유(CU) 춘천트루엘점,4600,0,0,0,전표매입,2023-06-01,30007157
2023-05-03,20:22,KB국민 톡톡 with 리브메이트카드,지에스25 춘천현주점,2100,0,0,0,전표매입,2023-06-01,30007146
2023-05-03,20:07,KB국민 톡톡 with 리브메이트카드,명랑시대쌀핫도그강원대점,3000,0,0,0,전표매입,2023-06-01,30007126
2023-05-03,12:49,KB국민 톡톡 with 리브메이트카드,강원대학교생활협동조합,1500,0,0,0,전표매입,2023-06-01,30007111
2023-05-03,11:55,KB국민 톡톡 with 리브메이트카드,헥토_대표(구),570,0,0,0,전표매입,2023-06-01,30007109
2023-05-03,10:12,KB국민 톡톡 with 리브메이트카드,스팟마트,1000,0,0,0,전표매입,2023-06-01,30007092
2023-05-03,08:59,KB국민 톡톡 with 리브메이트카드,헥토_대표(구),920,0,0,0,전표매입,2023-06-01,30007086
2023-05-03,06:35,KB국민 톡톡 with 리브메이트카드,Amazon_AWS,734,0,0,0,전표매입,2023-06-01,30007075
2023-05-02,21:53,KB국민 톡톡 with 리브메이트카드,지에스25 춘천현주점,5850,0,0,0,전표매입,2023-06-01,30007067
2023-05-02,18:05,KB국민 톡톡 with 리브메이트카드,강원대학교생활협동조합,5200,0,0,0,전표매입,2023-06-01,30007043
2023-05-02,10:06,KB국민 톡톡 with 리브메이트카드,스팟마트,1000,0,0,0,전표매입,2023-06-01,30007036
2023-05-02,07:08,KB국민 톡톡 with 리브메이트카드,헥토_대표(구),285,0,0,0,전표매입,2023-06-01,30007020
2023-05-02,07:04,KB국민 톡톡 with 리브메이트카드,헥토_대표(구),428,0,0,0,전표매입,2023-06-01,30007019
2023-05-02,01:13,KB국민 톡톡 with 리브메이트카드,지에스25 춘천현주점,8200,0,0,0,전표매입,2023-06-01,30007001
2023-05-02,00:58,KB국민 톡톡 with 리브메이트카드,헥토_대표(구),570,0,0,0,전표매입,2023-06-01,30006984
2023-05-02,00:51,KB국민 톡톡 with 리브메이트카드,헥토_대표(구),428,0,0,0,전표매입,2023-06-01,30006973
2023-05-02,00:09,KB국민 톡톡 with 리브메이트카드,헥토_대표(구),713,0,0,0,전표매입,2023-06-01,30006962
2023-05-01,21:41,KB국민 톡톡 with 리브메이트카드,다날_비트코퍼레이션_키오스크1,2000,0,0,0,전표매입,2023-06-01,30006954
2023-05-01,21:29,KB국민 톡톡 with 리브메이트카드,헥토_대표(구),855,0,0,0,전표매입,2023-06-01,30006940
2023-05-01,21:13,KB국민 톡톡 with 리브메이트카드,헥토_대표(구),570,0,0,0,전표매입,2023-06-01,30006939
2023-05-01,18:39,KB국민 톡톡 with 리브메이트카드,헥토_대표(구),428,0,0,0,전표매입,2023-06-01,30006928
2023-05-01,13:17,KB국민 톡톡 with 리브메이트카드,헥토_대표(구),713,0,0,0,전표매입,2023-06-01,30006917
2023-05-01,10:08,KB국민 톡톡 with 리브메이트카드,헥토_대표(구),570,0,0,0,전표매입,2023-06-01,30006906
2023-05-01,09:32,KB국민 톡톡 with 리브메이트카드,씨유(CU) 춘천백령점,5000,0,0,0,전표매입,2023-06-01,30006890
2023-05-01,08:59,KB국민 톡톡 with 리브메이트카드,헥토_대표(구),1063,0,0,0,전표매입,2023-06-01,30006883
2023-04-30,21:41,KB국민 톡톡 with 리브메이트카드,돌돌생삼겹살,198000,0,0,0,전표매입,2023-06-01,30006877
2023-04-30,17:41,KB국민 톡톡 with 리브메이트카드,헥토_대표(구),428,0,0,0,전표매입,2023-06-01,30006861
2023-04-30,16:21,KB국민 톡톡 with 리브메이트카드,헥토_대표(구),428,0,0,0,전표매입,2023-06-01,30006850
2023-04-30,16:03,KB국민 톡톡 with 리브메이트카드,헥토_대표(구),570,0,0,0,전표매입,2023-06-01,30006849
2023-04-30,10:07,KB국민 톡톡 with 리브메이트카드,헥토_대표(구),635,0,0,0,전표매입,2023-06-01,30006838
2023-04-29,19:39,KB국민 톡톡 with 리브메이트카드,헥토_대표(구),713,0,0,0,전표매입,2023-06-01,30006827
2023-04-29,14:15,KB국민 톡톡 with 리브메이트카드,헥토_대표(구),920,0,0,0,전표매입,2023-06-01,30006816
2023-04-28,17:25,KB국민 톡톡 with 리브메이트카드,헥토_대표(구),713,0,0,0,전표매입,2023-06-01,30006805
2023-04-28,16:34,KB국민 톡톡 with 리브메이트카드,헥토_대표(구),1205,0,0,0,전표매입,2023-06-01,30006793
2023-04-28,13:12,KB국민 톡톡 with 리브메이트카드,스팟마트,100,0,0,0,전표매입,2023-06-01,30006787
2023-04-28,03:24,KB국민 톡톡 with 리브메이트카드,지에스25 춘천대양,3800,0,0,0,전표매입,2023-06-01,30006774
2023-04-28,01:43,KB국민 톡톡 with 리브메이트카드,포토인더박스 강원대점,17000,0,0,0,전표매입,2023-06-01,30006755
2023-04-27,13:57,KB국민 톡톡 with 리브메이트카드,헥토_대표(구),285,0,0,0,전표매입,2023-06-01,30006748
2023-04-27,13:00,KB국민 톡톡 with 리브메이트카드,헥토_대표(구),428,0,0,0,전표매입,2023-06-01,30006737
2023-04-27,12:57,KB국민 톡톡 with 리브메이트카드,헥토_대표(구),635,0,0,0,전표매입,2023-06-01,30006726
2023-04-27,01:55,KB국민 톡톡 with 리브메이트카드,지젤,60800,0,0,0,전표매입,2023-06-01,30006711
2023-04-26,00:24,KB국민 톡톡 with 리브메이트카드,헥토_대표(구),1228,0,0,0,전표매입,2023-06-01,30006704
2023-04-24,23:06,KB국민 톡톡 with 리브메이트카드,헥토_대표(구),778,0,0,0,전표매입,2023-06-01,30006692
2023-04-23,21:42,KB국민 톡톡 with 리브메이트카드,쿠팡이츠,24900,0,2490,0,전표매입,2023-06-01,30006681
2023-04-23,21:19,KB국민 톡톡 with 리브메이트카드,쿠팡이츠,21900,0,0,0,승인취소,,30006670
2023-04-22,12:05,KB국민 톡톡 with 리브메이트카드,헥토_대표(구),778,0,0,0,전표매입,2023-06-01,30006669
2023-04-21,01:07,KB국민 톡톡 with 리브메이트카드,헥토_대표(구),285,0,0,0,전표매입,2023-06-01,30006658
2023-04-20,23:58,KB국민 톡톡 with 리브메이트카드,헥토_대표(구),778,0,0,0,전표매입,2023-06-01,30006647
2023-04-20,02:14,KB국민 톡톡 with 리브메이트카드,헥토_대표(구),1513,0,0,0,전표매입,2023-06-01,30006636
2023-04-16,23:00,KB국민 톡톡 with 리브메이트카드,헥토_대표(구),920,0,0,0,전표매입,2023-05-01,30006625
2023-04-14,19:02,KB국민 톡톡 with 리브메이트카드,필 코인노래연습장,1000,0,0,0,전표매입,2023-05-01,30006616
2023-04-14,13:02,KB국민 톡톡 with 리브메이트카드,헥토_대표(구),285,0,0,0,전표매입,2023-05-01,30006603
2023-04-14,13:00,KB국민 톡톡 with 리브메이트카드,헥토_대표(구),635,0,0,0,전표매입,2023-05-01,30006591
2023-04-13,21:32,KB국민 톡톡 with 리브메이트카드,필 코인노래연습장,1000,0,0,0,전표매입,2023-05-01,30006582
2023-04-13,21:20,KB국민 톡톡 with 리브메이트카드,헥토_대표(구),570,0,0,0,전표매입,2023-05-01,30006579
2023-04-13,20:40,KB국민 톡톡 with 리브메이트카드,헥토_대표(구),635,0,0,0,전표매입,2023-05-01,30006568
2023-04-12,20:07,KB국민 톡톡 with 리브메이트카드,씨유 강원대백록관점,11100,0,0,0,전표매입,2023-05-01,30006556
2023-04-10,10:06,KB국민 톡톡 with 리브메이트카드,LGUPLUS 통신요금자동이체,20990,0,0,0,전표매입,2023-05-01,30006544
2023-04-10,02:57,KB국민 톡톡 with 리브메이트카드,지에스25 춘천대양,7000,0,0,0,전표매입,2023-05-01,30006538
2023-04-10,02:40,KB국민 톡톡 with 리브메이트카드,헥토_대표(구),570,0,0,0,전표매입,2023-05-01,30006513
2023-04-10,02:10,KB국민 톡톡 with 리브메이트카드,헥토_대표(구),570,0,0,0,전표매입,2023-05-01,30006502
2023-04-09,21:56,KB국민 톡톡 with 리브메이트카드,헥토_대표(구),920,0,0,0,전표매입,2023-05-01,30006490
2023-04-09,18:13,KB국민 톡톡 with 리브메이트카드,티머니 개인택시_4,3800,0,0,0,전표매입,2023-05-01,30006485
2023-04-08,22:57,KB국민 톡톡 with 리브메이트카드,나인9PC,10500,0,0,0,전표매입,2023-05-01,30006474
2023-04-08,19:33,KB국민 톡톡 with 리브메이트카드,준호네 부대찌개,18000,0,0,0,전표매입,2023-05-01,30006466
2023-04-08,13:54,KB국민 톡톡 with 리브메이트카드,이립스,12000,0,0,0,전표매입,2023-05-01,30006458
2023-04-08,13:42,KB국민 톡톡 with 리브메이트카드,제순식당 본점,18000,0,0,0,전표매입,2023-05-01,30006444
2023-04-08,13:01,KB국민 톡톡 with 리브메이트카드,(주)스테이130 에이치에비뉴호텔 성신여대점,10000,0,0,0,전표매입,2023-05-01,30006433
2023-04-08,02:13,KB국민 톡톡 with 리브메이트카드,세븐일레븐 성신여대중앙점,4200,0,0,0,전표매입,2023-05-01,30006425
2023-04-08,01:09,KB국민 톡톡 with 리브메이트카드,주식회사 귀한사람들,28000,0,0,0,전표매입,2023-05-01,30006416
2023-04-07,23:22,KB국민 톡톡 with 리브메이트카드,세븐일레븐 대학로카페점,7800,0,0,0,전표매입,2023-05-01,30006405
2023-04-07,22:50,KB국민 톡톡 with 리브메이트카드,포터 시그니처,4000,0,0,0,전표매입,2023-05-01,30006398
2023-04-07,21:02,KB국민 톡톡 with 리브메이트카드,마녀주방대학로점,28800,0,0,0,전표매입,2023-05-01,30006387
2023-04-03,18:19,KB국민 톡톡 with 리브메이트카드,헥토_대표(구),920,0,0,0,전표매입,2023-05-01,30006377
2023-04-03,04:40,KB국민 톡톡 with 리브메이트카드,Amazon_AWS,725,0,0,0,전표매입,2023-05-01,30006366
2023-04-02,10:38,KB국민 톡톡 with 리브메이트카드,티머니 개인택시_0,4200,0,0,0,전표매입,2023-05-01,30006351
2023-04-01,15:23,KB국민 톡톡 with 리브메이트카드,헥토_대표(구),998,0,0,0,전표매입,2023-05-01,30006344
2023-04-01,15:14,KB국민 톡톡 with 리브메이트카드,헥토_대표(구),920,0,0,0,전표매입,2023-05-01,30006333
2023-03-27,10:48,KB국민 톡톡 with 리브메이트카드,CHATGPT SUBSCRIPTION,0,20.22,0,0,취소전표매입,,033701
2023-03-27,10:48,KB국민 톡톡 with 리브메이트카드,CHATGPT SUBSCRIPTION,0,20.22,0,0,취소전표매입,,033700
2023-03-21,00:49,KB국민 톡톡 with 리브메이트카드,씨유(CU)춘천퇴계하모니점,2700,0,0,0,전표매입,2023-05-01,30006328
2023-03-20,14:46,KB국민 톡톡 with 리브메이트카드,CHATGPT SUBSCRIPTION,0,20.22,0,0,전표매입,2023-05-01,306317
2023-03-20,14:40,KB국민 톡톡 with 리브메이트카드,CHATGPT SUBSCRIPTION,0,20.22,0,0,전표매입,2023-05-01,306306
2023-03-18,00:31,KB국민 톡톡 with 리브메이트카드,지에스25 춘천대양,2000,0,0,0,전표매입,2023-05-01,30006291
2023-03-17,06:24,KB국민 톡톡 with 리브메이트카드,버스 1 건,1550,0,77,0,전표매입,2023-04-01,44468095
2023-03-17,05:45,KB국민 톡톡 with 리브메이트카드,지하철 3 건,3750,0,187,0,전표매입,2023-04-01,48005143
2023-03-13,23:33,KB국민 톡톡 with 리브메이트카드,지에스25 춘천대양,2000,0,0,0,전표매입,2023-04-01,30006279
2023-03-13,08:33,KB국민 톡톡 with 리브메이트카드,티머니 법인택시,5300,0,0,0,전표매입,2023-04-01,30006250
2023-03-12,14:58,KB국민 톡톡 with 리브메이트카드,강원대PC카페,2500,0,0,0,전표매입,2023-04-01,30006248
2023-03-10,05:21,KB국민 톡톡 with 리브메이트카드,지에스25 춘천현주점,2200,0,0,0,전표매입,2023-04-01,30006235
2023-03-09,22:50,KB국민 톡톡 with 리브메이트카드,파파야,540000,0,0,0,전표매입,2023-04-01,30006217
2023-03-09,10:06,KB국민 톡톡 with 리브메이트카드,LGUPLUS 통신요금자동이체,20990,0,0,0,전표매입,2023-04-01,30006207
2023-03-08,12:49,KB국민 톡톡 with 리브메이트카드,스팟마트,5000,0,0,0,전표매입,2023-04-01,30006192
2023-03-05,15:46,KB국민 톡톡 with 리브메이트카드,지에스(GS)25 강원대정문점,3600,0,0,0,전표매입,2023-04-01,30006182
2023-03-05,15:45,KB국민 톡톡 with 리브메이트카드,지에스(GS)25 강원대정문점,5400,0,0,0,승인취소,,30006160
2023-03-05,15:32,KB국민 톡톡 with 리브메이트카드,속초닭강정,18000,0,0,0,전표매입,2023-04-01,30006144
2023-03-04,22:31,KB국민 톡톡 with 리브메이트카드,씨유(CU)춘천퇴계하모니점,4500,0,0,0,전표매입,2023-04-01,30006137
2023-03-02,22:24,KB국민 톡톡 with 리브메이트카드,Amazon_AWS,709,0,0,0,전표매입,2023-04-01,30006120
2023-03-01,01:10,KB국민 톡톡 with 리브메이트카드,지에스25 춘천대양,3800,0,0,0,전표매입,2023-04-01,30006112
2023-03-01,01:08,KB국민 톡톡 with 리브메이트카드,지에스25 춘천대양,4200,0,0,0,승인취소,,30006099
2023-02-28,23:43,KB국민 톡톡 with 리브메이트카드,W노래연습장,3000,0,0,0,전표매입,2023-04-01,30006079
2023-02-28,23:23,KB국민 톡톡 with 리브메이트카드,W노래연습장,20000,0,0,0,전표매입,2023-04-01,30006068
2023-02-28,23:00,KB국민 톡톡 with 리브메이트카드,포토인더박스 강원대점,19000,0,0,0,전표매입,2023-04-01,30006058
2023-02-28,22:36,KB국민 톡톡 with 리브메이트카드,비에이치씨치킨강대점,585000,0,0,0,전표매입,2023-04-01,30006048
2023-02-28,18:43,KB국민 톡톡 with 리브메이트카드,세븐일레븐 뉴강대천하점,62200,0,0,0,전표매입,2023-04-01,30006032
2023-02-28,08:54,KB국민 톡톡 with 리브메이트카드,티머니 법인택시,4700,0,0,0,전표매입,2023-04-01,30006025
2023-02-27,14:03,KB국민 톡톡 with 리브메이트카드,씨유 강원대60주년기념관점,9800,0,0,0,전표매입,2023-04-01,30006019
2023-02-27,13:32,KB국민 톡톡 with 리브메이트카드,티머니 법인택시,6100,0,0,0,전표매입,2023-04-01,30006003
2023-02-26,20:05,KB국민 톡톡 with 리브메이트카드,(주)지피지이,20000,0,0,0,전표매입,2023-04-01,30005996
2023-02-26,15:31,KB국민 톡톡 with 리브메이트카드,존앤존프라임스PC,10000,0,0,0,전표매입,2023-04-01,30005988
2023-02-26,13:53,KB국민 톡톡 with 리브메이트카드,존앤존프라임스PC,9000,0,0,0,전표매입,2023-04-01,30005977
2023-02-26,11:07,KB국민 톡톡 with 리브메이트카드,티머니 법인택시,4400,0,0,0,전표매입,2023-04-01,30005967
2023-02-20,04:01,KB국민 톡톡 with 리브메이트카드,강원대PC카페,2500,0,0,0,전표매입,2023-04-01,30005955
2023-02-20,02:34,KB국민 톡톡 with 리브메이트카드,강원대PC카페,4900,0,0,0,전표매입,2023-04-01,30005944
2023-02-18,02:02,KB국민 톡톡 with 리브메이트카드,초원장여관,40000,0,0,0,전표매입,2023-04-01,30005931
2023-02-17,05:50,KB국민 톡톡 with 리브메이트카드,지하철 4 건,6700,0,0,0,전표매입,2023-03-01,48746785
2023-02-10,20:27,KB국민 톡톡 with 리브메이트카드,한국철도공사,8300,0,0,0,전표매입,2023-03-01,30005925
2023-02-09,10:35,KB국민 톡톡 with 리브메이트카드,GOOGLE *Colab,0,10.1,0,0,전표매입,2023-03-01,305912
2023-02-09,09:51,KB국민 톡톡 with 리브메이트카드,LGUPLUS 통신요금자동이체,20990,0,0,0,전표매입,2023-03-01,30005903
2023-02-08,13:30,KB국민 톡톡 with 리브메이트카드,주식회사한우기업,3500,0,0,0,전표매입,2023-03-01,30005894
2023-02-07,13:41,KB국민 톡톡 with 리브메이트카드,강원대PC카페,2500,0,0,0,전표매입,2023-03-01,30005887
2023-02-07,13:38,KB국민 톡톡 with 리브메이트카드,강원대PC카페2,10000,0,0,0,전표매입,2023-03-01,30005874
2023-02-03,02:14,KB국민 톡톡 with 리브메이트카드,Amazon_AWS,691,0,0,0,전표매입,2023-03-01,30005860
2023-01-28,04:43,KB국민 톡톡 with 리브메이트카드,강원대PC카페,10000,0,0,0,전표매입,2023-03-01,30005854
2023-01-28,03:40,KB국민 톡톡 with 리브메이트카드,강원대PC카페,2500,0,0,0,전표매입,2023-03-01,30005843
2023-01-28,03:07,KB국민 톡톡 with 리브메이트카드,춘자,14750,0,0,0,전표매입,2023-03-01,30005836
2023-01-22,15:34,KB국민 톡톡 with 리브메이트카드,강원대PC카페2,10000,0,0,0,전표매입,2023-03-01,30005829
2023-01-18,02:25,KB국민 톡톡 with 리브메이트카드,쓰리팝PC 창동역점,3000,0,0,0,전표매입,2023-03-01,30005816
2023-01-17,22:38,KB국민 톡톡 with 리브메이트카드,쓰리팝PC 창동역점,8000,0,0,0,전표매입,2023-02-01,30005805
2023-01-17,22:16,KB국민 톡톡 with 리브메이트카드,쓰리팝PC 창동역점,10000,0,0,0,전표매입,2023-02-01,30005793
2023-01-17,06:10,KB국민 톡톡 with 리브메이트카드,버스 2 건,2400,0,0,0,전표매입,2023-02-01,40259179
2023-01-17,05:45,KB국민 톡톡 with 리브메이트카드,지하철 9 건,11350,0,0,0,전표매입,2023-02-01,46783739
2023-01-16,21:29,KB국민 톡톡 with 리브메이트카드,하루필름,10000,0,0,0,전표매입,2023-02-01,30005780
2023-01-16,20:22,KB국민 톡톡 with 리브메이트카드,오늘그대와 익선,70000,0,0,0,전표매입,2023-02-01,30005778
2023-01-16,17:00,KB국민 톡톡 with 리브메이트카드,랑솜,22000,0,0,0,전표매입,2023-02-01,30005767
2023-01-16,15:28,KB국민 톡톡 with 리브메이트카드,대원,18000,0,0,0,전표매입,2023-02-01,30005752
2023-01-16,13:02,KB국민 톡톡 with 리브메이트카드,한국철도공사,8300,0,0,0,전표매입,2023-02-01,30005745
2023-01-15,19:38,KB국민 톡톡 with 리브메이트카드,강원대PC카페,7700,0,0,0,전표매입,2023-02-01,30005731
2023-01-13,21:26,KB국민 톡톡 with 리브메이트카드,강원대PC카페,6700,0,0,0,전표매입,2023-02-01,30005720
2023-01-13,17:59,KB국민 톡톡 with 리브메이트카드,강원대PC카페,10000,0,0,0,전표매입,2023-02-01,30005719
2023-01-13,13:34,KB국민 톡톡 with 리브메이트카드,강원대PC카페,4300,0,0,0,전표매입,2023-02-01,30005708
2023-01-09,10:35,KB국민 톡톡 with 리브메이트카드,,0,10.1,0,0,전표매입,2023-02-01,305697
2023-01-09,09:54,KB국민 톡톡 with 리브메이트카드,LGUPLUS 통신요금자동이체,10350,0,0,0,전표매입,2023-02-01,30005688
2023-01-05,21:15,KB국민 톡톡 with 리브메이트카드,한국철도공사,8300,0,0,0,전표매입,2023-02-01,30005677
2023-01-03,04:07,KB국민 톡톡 with 리브메이트카드,Amazon_AWS,718,0,0,0,전표매입,2023-02-01,30005668
2023-01-01,20:23,KB국민 톡톡 with 리브메이트카드,한국철도공사,6000,0,0,0,전표매입,2023-02-01,30005655
